unique,code,species,size,time,pmr,codeStem
ACPA41,ACPA,acpa,large,0,1,ACPA4
ACPA110,ACPA,acpa,large,0,1,ACPA1
ACPA18,ACPA,acpa,large,0,1,ACPA1
ACPA12,ACPA,acpa,large,0,1,ACPA1
ACPA412,ACPA,acpa,large,0,1,ACPA4
ACPA311,ACPA,acpa,large,0,1,ACPA3
ACPA415,ACPA,acpa,large,0,1,ACPA4
ACPA42,ACPA,acpa,large,0,1,ACPA4
ACPA31,ACPA,acpa,large,0,1,ACPA3
ACPA36,ACPA,acpa,large,0,1,ACPA3
ACPA13,ACPA,acpa,large,0,1,ACPA1
ACPA410,ACPA,acpa,large,0,1,ACPA4
ACPA411,ACPA,acpa,large,0,1,ACPA4
ACPA315,ACPA,acpa,large,0,1,ACPA3
ACPA39,ACPA,acpa,large,0,1,ACPA3
ACPA310,ACPA,acpa,large,0,1,ACPA3
ACPA16,ACPA,acpa,large,0,1,ACPA1
ACPA33,ACPA,acpa,large,0,1,ACPA3
ACPA46,ACPA,acpa,large,0,1,ACPA4
ACPA314,ACPA,acpa,large,0,1,ACPA3
ACPA116,ACPA,acpa,large,0,1,ACPA1
ACPA19,ACPA,acpa,large,0,1,ACPA1
ACPA35,ACPA,acpa,large,0,1,ACPA3
ACPA313,ACPA,acpa,large,0,1,ACPA3
ACPA114,ACPA,acpa,large,0,1,ACPA1
ACPA48,ACPA,acpa,large,0,1,ACPA4
ACPA113,ACPA,acpa,large,0,1,ACPA1
ACPA49,ACPA,acpa,large,0,1,ACPA4
ACPA111,ACPA,acpa,large,0,1,ACPA1
ACPA312,ACPA,acpa,large,0,1,ACPA3
ACPA34,ACPA,acpa,large,0,1,ACPA3
ACPA37,ACPA,acpa,large,0,1,ACPA3
ACPA14,ACPA,acpa,large,0,1,ACPA1
ACPA115,ACPA,acpa,large,0,1,ACPA1
ACPA15,ACPA,acpa,large,0,1,ACPA1
ACPA17,ACPA,acpa,large,0,1,ACPA1
ACPA45,ACPA,acpa,large,0,1,ACPA4
ACPA11,ACPA,acpa,large,0,1,ACPA1
ACPA112,ACPA,acpa,large,0,1,ACPA1
ACPA414,ACPA,acpa,large,0,1,ACPA4
ACPA44,ACPA,acpa,large,0,1,ACPA4
ACPA413,ACPA,acpa,large,0,1,ACPA4
ACPA32,ACPA,acpa,large,0,1,ACPA3
ACPA416,ACPA,acpa,large,0,1,ACPA4
ACPA43,ACPA,acpa,large,0,1,ACPA4
ACPA38,ACPA,acpa,large,0,1,ACPA3
ACPA47,ACPA,acpa,large,0,1,ACPA4
ALLI111,ALLI,alli,large,0,1,ALLI1
ALLI316,ALLI,alli,large,0,1,ALLI3
ALLI315,ALLI,alli,large,0,1,ALLI3
ALLI19,ALLI,alli,large,0,1,ALLI1
ALLI212,ALLI,alli,large,0,1,ALLI2
ALLI11,ALLI,alli,large,0,1,ALLI1
ALLI23,ALLI,alli,large,0,1,ALLI2
ALLI214,ALLI,alli,large,0,1,ALLI2
ALLI24,ALLI,alli,large,0,1,ALLI2
ALLI22,ALLI,alli,large,0,1,ALLI2
ALLI313,ALLI,alli,large,0,1,ALLI3
ALLI16,ALLI,alli,large,0,1,ALLI1
ALLI211,ALLI,alli,large,0,1,ALLI2
ALLI213,ALLI,alli,large,0,1,ALLI2
ALLI113,ALLI,alli,large,0,1,ALLI1
ALLI312,ALLI,alli,large,0,1,ALLI3
ALLI311,ALLI,alli,large,0,1,ALLI3
ALLI38,ALLI,alli,large,0,1,ALLI3
ALLI34,ALLI,alli,large,0,1,ALLI3
ALLI115,ALLI,alli,large,0,1,ALLI1
ALLI112,ALLI,alli,large,0,1,ALLI1
ALLI37,ALLI,alli,large,0,1,ALLI3
ALLI17,ALLI,alli,large,0,1,ALLI1
ALLI31,ALLI,alli,large,0,1,ALLI3
ALLI33,ALLI,alli,large,0,1,ALLI3
ALLI21,ALLI,alli,large,0,1,ALLI2
ALLI27,ALLI,alli,large,0,1,ALLI2
ALLI14,ALLI,alli,large,0,1,ALLI1
ALLI15,ALLI,alli,large,0,1,ALLI1
ALLI114,ALLI,alli,large,0,1,ALLI1
ALLI18,ALLI,alli,large,0,1,ALLI1
ALLI39,ALLI,alli,large,0,1,ALLI3
ALLI210,ALLI,alli,large,0,1,ALLI2
ALLI110,ALLI,alli,large,0,1,ALLI1
ALLI35,ALLI,alli,large,0,1,ALLI3
ALLI36,ALLI,alli,large,0,1,ALLI3
ALLI310,ALLI,alli,large,0,1,ALLI3
ALLI314,ALLI,alli,large,0,1,ALLI3
ALLI25,ALLI,alli,large,0,1,ALLI2
ALLI13,ALLI,alli,large,0,1,ALLI1
ALLI215,ALLI,alli,large,0,1,ALLI2
ALLI26,ALLI,alli,large,0,1,ALLI2
ALLI29,ALLI,alli,large,0,1,ALLI2
ALLI12,ALLI,alli,large,0,1,ALLI1
ALLI28,ALLI,alli,large,0,1,ALLI2
ALLI32,ALLI,alli,large,0,1,ALLI3
ANBA215,ANBA,anba,large,0,1,ANBA2
ANBA316,ANBA,anba,large,0,1,ANBA3
ANBA38,ANBA,anba,large,0,1,ANBA3
ANBA113,ANBA,anba,large,0,1,ANBA1
ANBA311,ANBA,anba,large,0,1,ANBA3
ANBA315,ANBA,anba,large,0,1,ANBA3
ANBA27,ANBA,anba,large,0,1,ANBA2
ANBA114,ANBA,anba,large,0,1,ANBA1
ANBA213,ANBA,anba,large,0,1,ANBA2
ANBA15,ANBA,anba,large,0,1,ANBA1
ANBA17,ANBA,anba,large,0,1,ANBA1
ANBA31,ANBA,anba,large,0,1,ANBA3
ANBA111,ANBA,anba,large,0,1,ANBA1
ANBA210,ANBA,anba,large,0,1,ANBA2
ANBA29,ANBA,anba,large,0,1,ANBA2
ANBA211,ANBA,anba,large,0,1,ANBA2
ANBA25,ANBA,anba,large,0,1,ANBA2
ANBA23,ANBA,anba,large,0,1,ANBA2
ANBA39,ANBA,anba,large,0,1,ANBA3
ANBA26,ANBA,anba,large,0,1,ANBA2
ANBA24,ANBA,anba,large,0,1,ANBA2
ANBA16,ANBA,anba,large,0,1,ANBA1
ANBA19,ANBA,anba,large,0,1,ANBA1
ANBA112,ANBA,anba,large,0,1,ANBA1
ANBA33,ANBA,anba,large,0,1,ANBA3
ANBA310,ANBA,anba,large,0,1,ANBA3
ANBA11,ANBA,anba,large,0,1,ANBA1
ANBA12,ANBA,anba,large,0,1,ANBA1
ANBA14,ANBA,anba,large,0,1,ANBA1
ANBA116,ANBA,anba,large,0,1,ANBA1
ANBA22,ANBA,anba,large,0,1,ANBA2
ANBA28,ANBA,anba,large,0,1,ANBA2
ANBA21,ANBA,anba,large,0,1,ANBA2
ANBA13,ANBA,anba,large,0,1,ANBA1
ANBA37,ANBA,anba,large,0,1,ANBA3
ANBA214,ANBA,anba,large,0,1,ANBA2
ANBA312,ANBA,anba,large,0,1,ANBA3
ANBA313,ANBA,anba,large,0,1,ANBA3
ANBA18,ANBA,anba,large,0,1,ANBA1
ANBA110,ANBA,anba,large,0,1,ANBA1
ANBA115,ANBA,anba,large,0,1,ANBA1
ANBA35,ANBA,anba,large,0,1,ANBA3
ANBA36,ANBA,anba,large,0,1,ANBA3
ANBA212,ANBA,anba,large,0,1,ANBA2
ANBA32,ANBA,anba,large,0,1,ANBA3
ANBA34,ANBA,anba,large,0,1,ANBA3
ANBA314,ANBA,anba,large,0,1,ANBA3
BAAE25,BAAE,baae,large,0,1,BAAE2
BAAE38,BAAE,baae,large,0,1,BAAE3
BAAE211,BAAE,baae,large,0,1,BAAE2
BAAE316,BAAE,baae,large,0,1,BAAE3
BAAE32,BAAE,baae,large,0,1,BAAE3
BAAE214,BAAE,baae,large,0,1,BAAE2
BAAE28,BAAE,baae,large,0,1,BAAE2
BAAE35,BAAE,baae,large,0,1,BAAE3
BAAE33,BAAE,baae,large,0,1,BAAE3
BAAE314,BAAE,baae,large,0,1,BAAE3
BAAE26,BAAE,baae,large,0,1,BAAE2
BAAE31,BAAE,baae,large,0,1,BAAE3
BAAE216,BAAE,baae,large,0,1,BAAE2
BAAE23,BAAE,baae,large,0,1,BAAE2
BAAE311,BAAE,baae,large,0,1,BAAE3
BAAE39,BAAE,baae,large,0,1,BAAE3
BAAE315,BAAE,baae,large,0,1,BAAE3
BAAE13,BAAE,baae,large,0,1,BAAE1
BAAE15,BAAE,baae,large,0,1,BAAE1
BAAE215,BAAE,baae,large,0,1,BAAE2
BAAE212,BAAE,baae,large,0,1,BAAE2
BAAE36,BAAE,baae,large,0,1,BAAE3
BAAE37,BAAE,baae,large,0,1,BAAE3
BAAE111,BAAE,baae,large,0,1,BAAE1
BAAE19,BAAE,baae,large,0,1,BAAE1
BAAE16,BAAE,baae,large,0,1,BAAE1
BAAE12,BAAE,baae,large,0,1,BAAE1
BAAE27,BAAE,baae,large,0,1,BAAE2
BAAE312,BAAE,baae,large,0,1,BAAE3
BAAE110,BAAE,baae,large,0,1,BAAE1
BAAE34,BAAE,baae,large,0,1,BAAE3
BAAE18,BAAE,baae,large,0,1,BAAE1
BAAE29,BAAE,baae,large,0,1,BAAE2
BAAE112,BAAE,baae,large,0,1,BAAE1
BAAE313,BAAE,baae,large,0,1,BAAE3
BAAE113,BAAE,baae,large,0,1,BAAE1
BAAE21,BAAE,baae,large,0,1,BAAE2
BAAE24,BAAE,baae,large,0,1,BAAE2
BAAE14,BAAE,baae,large,0,1,BAAE1
BAAE210,BAAE,baae,large,0,1,BAAE2
BAAE11,BAAE,baae,large,0,1,BAAE1
BAAE17,BAAE,baae,large,0,1,BAAE1
BAAE310,BAAE,baae,large,0,1,BAAE3
BAAE213,BAAE,baae,large,0,1,BAAE2
BAAE22,BAAE,baae,large,0,1,BAAE2
EUSC16,EUSC,eusc,large,0,1,EUSC1
EUSC19,EUSC,eusc,large,0,1,EUSC1
EUSC113,EUSC,eusc,large,0,1,EUSC1
EUSC212,EUSC,eusc,large,0,1,EUSC2
EUSC31,EUSC,eusc,large,0,1,EUSC3
EUSC35,EUSC,eusc,large,0,1,EUSC3
EUSC213,EUSC,eusc,large,0,1,EUSC2
EUSC13,EUSC,eusc,large,0,1,EUSC1
EUSC110,EUSC,eusc,large,0,1,EUSC1
EUSC15,EUSC,eusc,large,0,1,EUSC1
EUSC28,EUSC,eusc,large,0,1,EUSC2
EUSC25,EUSC,eusc,large,0,1,EUSC2
EUSC21,EUSC,eusc,large,0,1,EUSC2
EUSC11,EUSC,eusc,large,0,1,EUSC1
EUSC112,EUSC,eusc,large,0,1,EUSC1
EUSC111,EUSC,eusc,large,0,1,EUSC1
EUSC116,EUSC,eusc,large,0,1,EUSC1
EUSC34,EUSC,eusc,large,0,1,EUSC3
EUSC114,EUSC,eusc,large,0,1,EUSC1
EUSC29,EUSC,eusc,large,0,1,EUSC2
EUSC312,EUSC,eusc,large,0,1,EUSC3
EUSC216,EUSC,eusc,large,0,1,EUSC2
EUSC311,EUSC,eusc,large,0,1,EUSC3
EUSC32,EUSC,eusc,large,0,1,EUSC3
EUSC39,EUSC,eusc,large,0,1,EUSC3
EUSC314,EUSC,eusc,large,0,1,EUSC3
EUSC36,EUSC,eusc,large,0,1,EUSC3
EUSC38,EUSC,eusc,large,0,1,EUSC3
EUSC310,EUSC,eusc,large,0,1,EUSC3
EUSC210,EUSC,eusc,large,0,1,EUSC2
EUSC24,EUSC,eusc,large,0,1,EUSC2
EUSC17,EUSC,eusc,large,0,1,EUSC1
EUSC33,EUSC,eusc,large,0,1,EUSC3
EUSC117,EUSC,eusc,large,0,1,EUSC1
EUSC18,EUSC,eusc,large,0,1,EUSC1
EUSC118,EUSC,eusc,large,0,1,EUSC1
EUSC22,EUSC,eusc,large,0,1,EUSC2
EUSC215,EUSC,eusc,large,0,1,EUSC2
EUSC214,EUSC,eusc,large,0,1,EUSC2
EUSC37,EUSC,eusc,large,0,1,EUSC3
EUSC12,EUSC,eusc,large,0,1,EUSC1
EUSC27,EUSC,eusc,large,0,1,EUSC2
EUSC313,EUSC,eusc,large,0,1,EUSC3
EUSC315,EUSC,eusc,large,0,1,EUSC3
EUSC26,EUSC,eusc,large,0,1,EUSC2
EUSC23,EUSC,eusc,large,0,1,EUSC2
EUSC115,EUSC,eusc,large,0,1,EUSC1
EUSC14,EUSC,eusc,large,0,1,EUSC1
EUSC211,EUSC,eusc,large,0,1,EUSC2
EUSC316,EUSC,eusc,large,0,1,EUSC3
EUTE37,EUTE,eute,large,0,1,EUTE3
EUTE16,EUTE,eute,large,0,1,EUTE1
EUTE27,EUTE,eute,large,0,1,EUTE2
EUTE318,EUTE,eute,large,0,1,EUTE3
EUTE19,EUTE,eute,large,0,1,EUTE1
EUTE31,EUTE,eute,large,0,1,EUTE3
EUTE28,EUTE,eute,large,0,1,EUTE2
EUTE312,EUTE,eute,large,0,1,EUTE3
EUTE18,EUTE,eute,large,0,1,EUTE1
EUTE14,EUTE,eute,large,0,1,EUTE1
EUTE113,EUTE,eute,large,0,1,EUTE1
EUTE317,EUTE,eute,large,0,1,EUTE3
EUTE310,EUTE,eute,large,0,1,EUTE3
EUTE11,EUTE,eute,large,0,1,EUTE1
EUTE316,EUTE,eute,large,0,1,EUTE3
EUTE25,EUTE,eute,large,0,1,EUTE2
EUTE34,EUTE,eute,large,0,1,EUTE3
EUTE17,EUTE,eute,large,0,1,EUTE1
EUTE313,EUTE,eute,large,0,1,EUTE3
EUTE33,EUTE,eute,large,0,1,EUTE3
EUTE15,EUTE,eute,large,0,1,EUTE1
EUTE110,EUTE,eute,large,0,1,EUTE1
EUTE22,EUTE,eute,large,0,1,EUTE2
EUTE13,EUTE,eute,large,0,1,EUTE1
EUTE311,EUTE,eute,large,0,1,EUTE3
EUTE35,EUTE,eute,large,0,1,EUTE3
EUTE32,EUTE,eute,large,0,1,EUTE3
EUTE23,EUTE,eute,large,0,1,EUTE2
EUTE314,EUTE,eute,large,0,1,EUTE3
EUTE115,EUTE,eute,large,0,1,EUTE1
EUTE114,EUTE,eute,large,0,1,EUTE1
EUTE111,EUTE,eute,large,0,1,EUTE1
EUTE315,EUTE,eute,large,0,1,EUTE3
EUTE38,EUTE,eute,large,0,1,EUTE3
EUTE24,EUTE,eute,large,0,1,EUTE2
EUTE12,EUTE,eute,large,0,1,EUTE1
EUTE319,EUTE,eute,large,0,1,EUTE3
EUTE39,EUTE,eute,large,0,1,EUTE3
EUTE21,EUTE,eute,large,0,1,EUTE2
EUTE112,EUTE,eute,large,0,1,EUTE1
EUTE26,EUTE,eute,large,0,1,EUTE2
EUTE36,EUTE,eute,large,0,1,EUTE3
EXCU13,EXCU,excu,large,0,1,EXCU1
EXCU19,EXCU,excu,large,0,1,EXCU1
EXCU29,EXCU,excu,large,0,1,EXCU2
EXCU211,EXCU,excu,large,0,1,EXCU2
EXCU27,EXCU,excu,large,0,1,EXCU2
EXCU28,EXCU,excu,large,0,1,EXCU2
EXCU12,EXCU,excu,large,0,1,EXCU1
EXCU21,EXCU,excu,large,0,1,EXCU2
EXCU16,EXCU,excu,large,0,1,EXCU1
EXCU23,EXCU,excu,large,0,1,EXCU2
EXCU311,EXCU,excu,large,0,1,EXCU3
EXCU212,EXCU,excu,large,0,1,EXCU2
EXCU33,EXCU,excu,large,0,1,EXCU3
EXCU37,EXCU,excu,large,0,1,EXCU3
EXCU38,EXCU,excu,large,0,1,EXCU3
EXCU17,EXCU,excu,large,0,1,EXCU1
EXCU25,EXCU,excu,large,0,1,EXCU2
EXCU15,EXCU,excu,large,0,1,EXCU1
EXCU18,EXCU,excu,large,0,1,EXCU1
EXCU34,EXCU,excu,large,0,1,EXCU3
EXCU39,EXCU,excu,large,0,1,EXCU3
EXCU310,EXCU,excu,large,0,1,EXCU3
EXCU312,EXCU,excu,large,0,1,EXCU3
EXCU24,EXCU,excu,large,0,1,EXCU2
EXCU313,EXCU,excu,large,0,1,EXCU3
EXCU31,EXCU,excu,large,0,1,EXCU3
EXCU14,EXCU,excu,large,0,1,EXCU1
EXCU35,EXCU,excu,large,0,1,EXCU3
EXCU11,EXCU,excu,large,0,1,EXCU1
EXCU32,EXCU,excu,large,0,1,EXCU3
EXCU210,EXCU,excu,large,0,1,EXCU2
EXCU26,EXCU,excu,large,0,1,EXCU2
EXCU22,EXCU,excu,large,0,1,EXCU2
EXCU36,EXCU,excu,large,0,1,EXCU3
JASC25,JASC,jasc,large,0,1,JASC2
JASC311,JASC,jasc,large,0,1,JASC3
JASC318,JASC,jasc,large,0,1,JASC3
JASC36,JASC,jasc,large,0,1,JASC3
JASC21,JASC,jasc,large,0,1,JASC2
JASC17,JASC,jasc,large,0,1,JASC1
JASC117,JASC,jasc,large,0,1,JASC1
JASC319,JASC,jasc,large,0,1,JASC3
JASC116,JASC,jasc,large,0,1,JASC1
JASC34,JASC,jasc,large,0,1,JASC3
JASC28,JASC,jasc,large,0,1,JASC2
JASC211,JASC,jasc,large,0,1,JASC2
JASC316,JASC,jasc,large,0,1,JASC3
JASC210,JASC,jasc,large,0,1,JASC2
JASC111,JASC,jasc,large,0,1,JASC1
JASC26,JASC,jasc,large,0,1,JASC2
JASC23,JASC,jasc,large,0,1,JASC2
JASC29,JASC,jasc,large,0,1,JASC2
JASC35,JASC,jasc,large,0,1,JASC3
JASC114,JASC,jasc,large,0,1,JASC1
JASC13,JASC,jasc,large,0,1,JASC1
JASC113,JASC,jasc,large,0,1,JASC1
JASC37,JASC,jasc,large,0,1,JASC3
JASC115,JASC,jasc,large,0,1,JASC1
JASC219,JASC,jasc,large,0,1,JASC2
JASC24,JASC,jasc,large,0,1,JASC2
JASC314,JASC,jasc,large,0,1,JASC3
JASC38,JASC,jasc,large,0,1,JASC3
JASC18,JASC,jasc,large,0,1,JASC1
JASC33,JASC,jasc,large,0,1,JASC3
JASC39,JASC,jasc,large,0,1,JASC3
JASC118,JASC,jasc,large,0,1,JASC1
JASC110,JASC,jasc,large,0,1,JASC1
JASC217,JASC,jasc,large,0,1,JASC2
JASC11,JASC,jasc,large,0,1,JASC1
JASC32,JASC,jasc,large,0,1,JASC3
JASC310,JASC,jasc,large,0,1,JASC3
JASC315,JASC,jasc,large,0,1,JASC3
JASC214,JASC,jasc,large,0,1,JASC2
JASC112,JASC,jasc,large,0,1,JASC1
JASC27,JASC,jasc,large,0,1,JASC2
JASC312,JASC,jasc,large,0,1,JASC3
JASC119,JASC,jasc,large,0,1,JASC1
JASC218,JASC,jasc,large,0,1,JASC2
JASC313,JASC,jasc,large,0,1,JASC3
JASC16,JASC,jasc,large,0,1,JASC1
JASC14,JASC,jasc,large,0,1,JASC1
JASC31,JASC,jasc,large,0,1,JASC3
JASC15,JASC,jasc,large,0,1,JASC1
JASC317,JASC,jasc,large,0,1,JASC3
JASC19,JASC,jasc,large,0,1,JASC1
JASC22,JASC,jasc,large,0,1,JASC2
JASC12,JASC,jasc,large,0,1,JASC1
LEPA45,LEPA,lepa,large,0,1,LEPA4
LEPA23,LEPA,lepa,large,0,1,LEPA2
LEPA37,LEPA,lepa,large,0,1,LEPA3
LEPA311,LEPA,lepa,large,0,1,LEPA3
LEPA14,LEPA,lepa,large,0,1,LEPA1
LEPA46,LEPA,lepa,large,0,1,LEPA4
LEPA26,LEPA,lepa,large,0,1,LEPA2
LEPA22,LEPA,lepa,large,0,1,LEPA2
LEPA15,LEPA,lepa,large,0,1,LEPA1
LEPA19,LEPA,lepa,large,0,1,LEPA1
LEPA27,LEPA,lepa,large,0,1,LEPA2
LEPA32,LEPA,lepa,large,0,1,LEPA3
LEPA38,LEPA,lepa,large,0,1,LEPA3
LEPA33,LEPA,lepa,large,0,1,LEPA3
LEPA28,LEPA,lepa,large,0,1,LEPA2
LEPA13,LEPA,lepa,large,0,1,LEPA1
LEPA47,LEPA,lepa,large,0,1,LEPA4
LEPA11,LEPA,lepa,large,0,1,LEPA1
LEPA25,LEPA,lepa,large,0,1,LEPA2
LEPA24,LEPA,lepa,large,0,1,LEPA2
LEPA35,LEPA,lepa,large,0,1,LEPA3
LEPA41,LEPA,lepa,large,0,1,LEPA4
LEPA43,LEPA,lepa,large,0,1,LEPA4
LEPA36,LEPA,lepa,large,0,1,LEPA3
LEPA12,LEPA,lepa,large,0,1,LEPA1
LEPA44,LEPA,lepa,large,0,1,LEPA4
LEPA17,LEPA,lepa,large,0,1,LEPA1
LEPA21,LEPA,lepa,large,0,1,LEPA2
LEPA31,LEPA,lepa,large,0,1,LEPA3
LEPA16,LEPA,lepa,large,0,1,LEPA1
LEPA18,LEPA,lepa,large,0,1,LEPA1
LEPA42,LEPA,lepa,large,0,1,LEPA4
LEPA312,LEPA,lepa,large,0,1,LEPA3
LEPA29,LEPA,lepa,large,0,1,LEPA2
LEPA34,LEPA,lepa,large,0,1,LEPA3
LEPA310,LEPA,lepa,large,0,1,LEPA3
LEPA210,LEPA,lepa,large,0,1,LEPA2
LEPA39,LEPA,lepa,large,0,1,LEPA3
MEDE112,MEDE,mede,large,0,1,MEDE1
MEDE28,MEDE,mede,large,0,1,MEDE2
MEDE216,MEDE,mede,large,0,1,MEDE2
MEDE311,MEDE,mede,large,0,1,MEDE3
MEDE34,MEDE,mede,large,0,1,MEDE3
MEDE214,MEDE,mede,large,0,1,MEDE2
MEDE213,MEDE,mede,large,0,1,MEDE2
MEDE111,MEDE,mede,large,0,1,MEDE1
MEDE22,MEDE,mede,large,0,1,MEDE2
MEDE211,MEDE,mede,large,0,1,MEDE2
MEDE33,MEDE,mede,large,0,1,MEDE3
MEDE313,MEDE,mede,large,0,1,MEDE3
MEDE215,MEDE,mede,large,0,1,MEDE2
MEDE115,MEDE,mede,large,0,1,MEDE1
MEDE312,MEDE,mede,large,0,1,MEDE3
MEDE16,MEDE,mede,large,0,1,MEDE1
MEDE19,MEDE,mede,large,0,1,MEDE1
MEDE23,MEDE,mede,large,0,1,MEDE2
MEDE310,MEDE,mede,large,0,1,MEDE3
MEDE14,MEDE,mede,large,0,1,MEDE1
MEDE27,MEDE,mede,large,0,1,MEDE2
MEDE314,MEDE,mede,large,0,1,MEDE3
MEDE24,MEDE,mede,large,0,1,MEDE2
MEDE39,MEDE,mede,large,0,1,MEDE3
MEDE36,MEDE,mede,large,0,1,MEDE3
MEDE31,MEDE,mede,large,0,1,MEDE3
MEDE18,MEDE,mede,large,0,1,MEDE1
MEDE21,MEDE,mede,large,0,1,MEDE2
MEDE32,MEDE,mede,large,0,1,MEDE3
MEDE316,MEDE,mede,large,0,1,MEDE3
MEDE35,MEDE,mede,large,0,1,MEDE3
MEDE116,MEDE,mede,large,0,1,MEDE1
MEDE25,MEDE,mede,large,0,1,MEDE2
MEDE37,MEDE,mede,large,0,1,MEDE3
MEDE38,MEDE,mede,large,0,1,MEDE3
MEDE13,MEDE,mede,large,0,1,MEDE1
MEDE26,MEDE,mede,large,0,1,MEDE2
MEDE113,MEDE,mede,large,0,1,MEDE1
MEDE15,MEDE,mede,large,0,1,MEDE1
MEDE212,MEDE,mede,large,0,1,MEDE2
MEDE110,MEDE,mede,large,0,1,MEDE1
MEDE17,MEDE,mede,large,0,1,MEDE1
MEDE114,MEDE,mede,large,0,1,MEDE1
MEDE11,MEDE,mede,large,0,1,MEDE1
MEDE315,MEDE,mede,large,0,1,MEDE3
MEDE210,MEDE,mede,large,0,1,MEDE2
MEDE29,MEDE,mede,large,0,1,MEDE2
MEDE12,MEDE,mede,large,0,1,MEDE1
PELI17,PELI,peli,large,0,1,PELI1
PELI113,PELI,peli,large,0,1,PELI1
PELI33,PELI,peli,large,0,1,PELI3
PELI12,PELI,peli,large,0,1,PELI1
PELI14,PELI,peli,large,0,1,PELI1
PELI311,PELI,peli,large,0,1,PELI3
PELI23,PELI,peli,large,0,1,PELI2
PELI25,PELI,peli,large,0,1,PELI2
PELI36,PELI,peli,large,0,1,PELI3
PELI117,PELI,peli,large,0,1,PELI1
PELI116,PELI,peli,large,0,1,PELI1
PELI313,PELI,peli,large,0,1,PELI3
PELI31,PELI,peli,large,0,1,PELI3
PELI11,PELI,peli,large,0,1,PELI1
PELI16,PELI,peli,large,0,1,PELI1
PELI34,PELI,peli,large,0,1,PELI3
PELI110,PELI,peli,large,0,1,PELI1
PELI35,PELI,peli,large,0,1,PELI3
PELI24,PELI,peli,large,0,1,PELI2
PELI118,PELI,peli,large,0,1,PELI1
PELI114,PELI,peli,large,0,1,PELI1
PELI115,PELI,peli,large,0,1,PELI1
PELI38,PELI,peli,large,0,1,PELI3
PELI32,PELI,peli,large,0,1,PELI3
PELI22,PELI,peli,large,0,1,PELI2
PELI15,PELI,peli,large,0,1,PELI1
PELI39,PELI,peli,large,0,1,PELI3
PELI312,PELI,peli,large,0,1,PELI3
PELI13,PELI,peli,large,0,1,PELI1
PELI21,PELI,peli,large,0,1,PELI2
PELI112,PELI,peli,large,0,1,PELI1
PELI310,PELI,peli,large,0,1,PELI3
PELI111,PELI,peli,large,0,1,PELI1
PELI37,PELI,peli,large,0,1,PELI3
PELI18,PELI,peli,large,0,1,PELI1
PELI19,PELI,peli,large,0,1,PELI1
PEPU23,PEPU,pepu,large,0,1,PEPU2
PEPU24,PEPU,pepu,large,0,1,PEPU2
PEPU210,PEPU,pepu,large,0,1,PEPU2
PEPU34,PEPU,pepu,large,0,1,PEPU3
PEPU26,PEPU,pepu,large,0,1,PEPU2
PEPU21,PEPU,pepu,large,0,1,PEPU2
PEPU13,PEPU,pepu,large,0,1,PEPU1
PEPU15,PEPU,pepu,large,0,1,PEPU1
PEPU212,PEPU,pepu,large,0,1,PEPU2
PEPU36,PEPU,pepu,large,0,1,PEPU3
PEPU11,PEPU,pepu,large,0,1,PEPU1
PEPU38,PEPU,pepu,large,0,1,PEPU3
PEPU35,PEPU,pepu,large,0,1,PEPU3
PEPU111,PEPU,pepu,large,0,1,PEPU1
PEPU37,PEPU,pepu,large,0,1,PEPU3
PEPU110,PEPU,pepu,large,0,1,PEPU1
PEPU12,PEPU,pepu,large,0,1,PEPU1
PEPU310,PEPU,pepu,large,0,1,PEPU3
PEPU19,PEPU,pepu,large,0,1,PEPU1
PEPU33,PEPU,pepu,large,0,1,PEPU3
PEPU22,PEPU,pepu,large,0,1,PEPU2
PEPU211,PEPU,pepu,large,0,1,PEPU2
PEPU18,PEPU,pepu,large,0,1,PEPU1
PEPU311,PEPU,pepu,large,0,1,PEPU3
PEPU28,PEPU,pepu,large,0,1,PEPU2
PEPU113,PEPU,pepu,large,0,1,PEPU1
PEPU17,PEPU,pepu,large,0,1,PEPU1
PEPU213,PEPU,pepu,large,0,1,PEPU2
PEPU25,PEPU,pepu,large,0,1,PEPU2
PEPU14,PEPU,pepu,large,0,1,PEPU1
PEPU114,PEPU,pepu,large,0,1,PEPU1
PEPU32,PEPU,pepu,large,0,1,PEPU3
PEPU27,PEPU,pepu,large,0,1,PEPU2
PEPU31,PEPU,pepu,large,0,1,PEPU3
PEPU39,PEPU,pepu,large,0,1,PEPU3
PEPU112,PEPU,pepu,large,0,1,PEPU1
PEPU29,PEPU,pepu,large,0,1,PEPU2
PEPU16,PEPU,pepu,large,0,1,PEPU1
acel5f,acel,acel,small,0,1,acel5
acel5a,acel,acel,small,0,1,acel5
acel2b,acel,acel,small,0,1,acel2
acel1b,acel,acel,small,0,1,acel1
acel2c,acel,acel,small,0,1,acel2
acel5k,acel,acel,small,0,1,acel5
acel2e,acel,acel,small,0,1,acel2
acel5l,acel,acel,small,0,1,acel5
acel1h,acel,acel,small,0,1,acel1
acel2f,acel,acel,small,0,1,acel2
acel5h,acel,acel,small,0,1,acel5
acel2g,acel,acel,small,0,1,acel2
acel5d,acel,acel,small,0,1,acel5
acel1a,acel,acel,small,0,1,acel1
acel5e,acel,acel,small,0,1,acel5
acel1k,acel,acel,small,0,1,acel1
acel1l,acel,acel,small,0,1,acel1
acel1c,acel,acel,small,0,1,acel1
acel1f,acel,acel,small,0,1,acel1
acel2a,acel,acel,small,0,1,acel2
acel1d,acel,acel,small,0,1,acel1
acel5c,acel,acel,small,0,1,acel5
acel2i,acel,acel,small,0,1,acel2
acel2h,acel,acel,small,0,1,acel2
acel5j,acel,acel,small,0,1,acel5
acel1e,acel,acel,small,0,1,acel1
acel2d,acel,acel,small,0,1,acel2
acel5i,acel,acel,small,0,1,acel5
acel1g,acel,acel,small,0,1,acel1
acel2l,acel,acel,small,0,1,acel2
acel5b,acel,acel,small,0,1,acel5
acel5g,acel,acel,small,0,1,acel5
acel2k,acel,acel,small,0,1,acel2
acel1i,acel,acel,small,0,1,acel1
acel1j,acel,acel,small,0,1,acel1
acel2j,acel,acel,small,0,1,acel2
acpa4k,acpa,acpa,small,0,1,acpa4
acpa3e,acpa,acpa,small,0,1,acpa3
acpa4c,acpa,acpa,small,0,1,acpa4
acpa4b,acpa,acpa,small,0,1,acpa4
acpa4d,acpa,acpa,small,0,1,acpa4
acpa3i,acpa,acpa,small,0,1,acpa3
acpa3d,acpa,acpa,small,0,1,acpa3
acpa3k,acpa,acpa,small,0,1,acpa3
acpa4f,acpa,acpa,small,0,1,acpa4
acpa3c,acpa,acpa,small,0,1,acpa3
acpa3b,acpa,acpa,small,0,1,acpa3
acpa1d,acpa,acpa,small,0,1,acpa1
acpa1a,acpa,acpa,small,0,1,acpa1
acpa4g,acpa,acpa,small,0,1,acpa4
acpa1g,acpa,acpa,small,0,1,acpa1
acpa3f,acpa,acpa,small,0,1,acpa3
acpa1e,acpa,acpa,small,0,1,acpa1
acpa3a,acpa,acpa,small,0,1,acpa3
acpa3l,acpa,acpa,small,0,1,acpa3
acpa1k,acpa,acpa,small,0,1,acpa1
acpa1c,acpa,acpa,small,0,1,acpa1
acpa1i,acpa,acpa,small,0,1,acpa1
acpa4e,acpa,acpa,small,0,1,acpa4
acpa4h,acpa,acpa,small,0,1,acpa4
acpa4l,acpa,acpa,small,0,1,acpa4
acpa4i,acpa,acpa,small,0,1,acpa4
acpa4a,acpa,acpa,small,0,1,acpa4
acpa4j,acpa,acpa,small,0,1,acpa4
acpa1b,acpa,acpa,small,0,1,acpa1
acpa1j,acpa,acpa,small,0,1,acpa1
acpa1f,acpa,acpa,small,0,1,acpa1
acpa3h,acpa,acpa,small,0,1,acpa3
acpa3j,acpa,acpa,small,0,1,acpa3
acpa1h,acpa,acpa,small,0,1,acpa1
acpa3g,acpa,acpa,small,0,1,acpa3
acpa1l,acpa,acpa,small,0,1,acpa1
alli3d,alli,alli,small,0,1,alli3
alli2h,alli,alli,small,0,1,alli2
alli1c,alli,alli,small,0,1,alli1
alli1a,alli,alli,small,0,1,alli1
alli2e,alli,alli,small,0,1,alli2
alli2b,alli,alli,small,0,1,alli2
alli2a,alli,alli,small,0,1,alli2
alli2c,alli,alli,small,0,1,alli2
alli2f,alli,alli,small,0,1,alli2
alli1f,alli,alli,small,0,1,alli1
alli1d,alli,alli,small,0,1,alli1
alli2l,alli,alli,small,0,1,alli2
alli1j,alli,alli,small,0,1,alli1
alli1h,alli,alli,small,0,1,alli1
alli2d,alli,alli,small,0,1,alli2
alli1b,alli,alli,small,0,1,alli1
alli3c,alli,alli,small,0,1,alli3
alli3g,alli,alli,small,0,1,alli3
alli2g,alli,alli,small,0,1,alli2
alli1g,alli,alli,small,0,1,alli1
alli1i,alli,alli,small,0,1,alli1
alli3l,alli,alli,small,0,1,alli3
alli3b,alli,alli,small,0,1,alli3
alli1e,alli,alli,small,0,1,alli1
alli3j,alli,alli,small,0,1,alli3
alli3a,alli,alli,small,0,1,alli3
alli2j,alli,alli,small,0,1,alli2
alli3f,alli,alli,small,0,1,alli3
alli1l,alli,alli,small,0,1,alli1
alli3i,alli,alli,small,0,1,alli3
alli2i,alli,alli,small,0,1,alli2
alli3h,alli,alli,small,0,1,alli3
alli2k,alli,alli,small,0,1,alli2
alli3e,alli,alli,small,0,1,alli3
alli1k,alli,alli,small,0,1,alli1
alli3k,alli,alli,small,0,1,alli3
anba2j,anba,anba,small,0,1,anba2
anba1l,anba,anba,small,0,1,anba1
anba2f,anba,anba,small,0,1,anba2
anba1h,anba,anba,small,0,1,anba1
anba3a,anba,anba,small,0,1,anba3
anba3e,anba,anba,small,0,1,anba3
anba2i,anba,anba,small,0,1,anba2
anba2b,anba,anba,small,0,1,anba2
anba1j,anba,anba,small,0,1,anba1
anba1a,anba,anba,small,0,1,anba1
anba3h,anba,anba,small,0,1,anba3
anba1e,anba,anba,small,0,1,anba1
anba3i,anba,anba,small,0,1,anba3
anba2k,anba,anba,small,0,1,anba2
anba3b,anba,anba,small,0,1,anba3
anba3l,anba,anba,small,0,1,anba3
anba2a,anba,anba,small,0,1,anba2
anba3j,anba,anba,small,0,1,anba3
anba3d,anba,anba,small,0,1,anba3
anba3f,anba,anba,small,0,1,anba3
anba2c,anba,anba,small,0,1,anba2
anba2e,anba,anba,small,0,1,anba2
anba3g,anba,anba,small,0,1,anba3
anba2d,anba,anba,small,0,1,anba2
anba2l,anba,anba,small,0,1,anba2
anba1g,anba,anba,small,0,1,anba1
anba3c,anba,anba,small,0,1,anba3
anba1c,anba,anba,small,0,1,anba1
anba1f,anba,anba,small,0,1,anba1
anba1b,anba,anba,small,0,1,anba1
anba2g,anba,anba,small,0,1,anba2
anba2h,anba,anba,small,0,1,anba2
anba3k,anba,anba,small,0,1,anba3
anba1d,anba,anba,small,0,1,anba1
anba1i,anba,anba,small,0,1,anba1
anba1k,anba,anba,small,0,1,anba1
baae3i,baae,baae,small,0,1,baae3
baae3b,baae,baae,small,0,1,baae3
baae2c,baae,baae,small,0,1,baae2
baae3h,baae,baae,small,0,1,baae3
baae2q,baae,baae,small,0,1,baae2
baae1g,baae,baae,small,0,1,baae1
baae2d,baae,baae,small,0,1,baae2
baae1c,baae,baae,small,0,1,baae1
baae1e,baae,baae,small,0,1,baae1
baae3d,baae,baae,small,0,1,baae3
baae2g,baae,baae,small,0,1,baae2
baae3l,baae,baae,small,0,1,baae3
baae3e,baae,baae,small,0,1,baae3
baae3a,baae,baae,small,0,1,baae3
baae1b,baae,baae,small,0,1,baae1
baae2f,baae,baae,small,0,1,baae2
baae2a,baae,baae,small,0,1,baae2
baae2l,baae,baae,small,0,1,baae2
baae2o,baae,baae,small,0,1,baae2
baae3f,baae,baae,small,0,1,baae3
baae3c,baae,baae,small,0,1,baae3
baae1a,baae,baae,small,0,1,baae1
baae3j,baae,baae,small,0,1,baae3
baae3k,baae,baae,small,0,1,baae3
baae2m,baae,baae,small,0,1,baae2
baae1f,baae,baae,small,0,1,baae1
baae2i,baae,baae,small,0,1,baae2
baae2n,baae,baae,small,0,1,baae2
baae2j,baae,baae,small,0,1,baae2
baae2h,baae,baae,small,0,1,baae2
baae1d,baae,baae,small,0,1,baae1
baae2e,baae,baae,small,0,1,baae2
baae3g,baae,baae,small,0,1,baae3
baae2b,baae,baae,small,0,1,baae2
baae2p,baae,baae,small,0,1,baae2
baae2k,baae,baae,small,0,1,baae2
basp2k,basp,basp,small,0,1,basp2
basp2j,basp,basp,small,0,1,basp2
basp2c,basp,basp,small,0,1,basp2
basp3c,basp,basp,small,0,1,basp3
basp1c,basp,basp,small,0,1,basp1
basp1f,basp,basp,small,0,1,basp1
basp3m,basp,basp,small,0,1,basp3
basp3l,basp,basp,small,0,1,basp3
basp3h,basp,basp,small,0,1,basp3
basp2f,basp,basp,small,0,1,basp2
basp3a,basp,basp,small,0,1,basp3
basp2d,basp,basp,small,0,1,basp2
basp3j,basp,basp,small,0,1,basp3
basp3i,basp,basp,small,0,1,basp3
basp2g,basp,basp,small,0,1,basp2
basp1a,basp,basp,small,0,1,basp1
basp3k,basp,basp,small,0,1,basp3
basp1d,basp,basp,small,0,1,basp1
basp1e,basp,basp,small,0,1,basp1
basp3g,basp,basp,small,0,1,basp3
basp1g,basp,basp,small,0,1,basp1
basp2h,basp,basp,small,0,1,basp2
basp1h,basp,basp,small,0,1,basp1
basp2m,basp,basp,small,0,1,basp2
basp3f,basp,basp,small,0,1,basp3
basp1j,basp,basp,small,0,1,basp1
basp2i,basp,basp,small,0,1,basp2
basp2b,basp,basp,small,0,1,basp2
basp1i,basp,basp,small,0,1,basp1
basp3e,basp,basp,small,0,1,basp3
basp1b,basp,basp,small,0,1,basp1
basp2e,basp,basp,small,0,1,basp2
basp2a,basp,basp,small,0,1,basp2
basp2l,basp,basp,small,0,1,basp2
basp3b,basp,basp,small,0,1,basp3
basp3d,basp,basp,small,0,1,basp3
cali2g,cali,cali,small,0,1,cali2
cali2i,cali,cali,small,0,1,cali2
cali3e,cali,cali,small,0,1,cali3
cali1l,cali,cali,small,0,1,cali1
cali3f,cali,cali,small,0,1,cali3
cali2a,cali,cali,small,0,1,cali2
cali3l,cali,cali,small,0,1,cali3
cali3j,cali,cali,small,0,1,cali3
cali3a,cali,cali,small,0,1,cali3
cali1f,cali,cali,small,0,1,cali1
cali2k,cali,cali,small,0,1,cali2
cali3k,cali,cali,small,0,1,cali3
cali1h,cali,cali,small,0,1,cali1
cali1g,cali,cali,small,0,1,cali1
cali2b,cali,cali,small,0,1,cali2
cali1c,cali,cali,small,0,1,cali1
cali3b,cali,cali,small,0,1,cali3
cali3c,cali,cali,small,0,1,cali3
cali3i,cali,cali,small,0,1,cali3
cali1k,cali,cali,small,0,1,cali1
cali2d,cali,cali,small,0,1,cali2
cali3d,cali,cali,small,0,1,cali3
cali1e,cali,cali,small,0,1,cali1
cali2c,cali,cali,small,0,1,cali2
cali3g,cali,cali,small,0,1,cali3
cali1a,cali,cali,small,0,1,cali1
cali2h,cali,cali,small,0,1,cali2
cali2f,cali,cali,small,0,1,cali2
cali2e,cali,cali,small,0,1,cali2
cali2j,cali,cali,small,0,1,cali2
cali1d,cali,cali,small,0,1,cali1
cali1j,cali,cali,small,0,1,cali1
cali2l,cali,cali,small,0,1,cali2
cali3h,cali,cali,small,0,1,cali3
cali1i,cali,cali,small,0,1,cali1
cali1b,cali,cali,small,0,1,cali1
cota2d,cota,cota,small,0,1,cota2
cota3a,cota,cota,small,0,1,cota3
cota5b,cota,cota,small,0,1,cota5
cota3d,cota,cota,small,0,1,cota3
cota1a,cota,cota,small,0,1,cota1
cota1d,cota,cota,small,0,1,cota1
cota3b,cota,cota,small,0,1,cota3
cota4d,cota,cota,small,0,1,cota4
cota1g,cota,cota,small,0,1,cota1
cota6e,cota,cota,small,0,1,cota6
cota1e,cota,cota,small,0,1,cota1
cota2f,cota,cota,small,0,1,cota2
cota2a,cota,cota,small,0,1,cota2
cota6a,cota,cota,small,0,1,cota6
cota5d,cota,cota,small,0,1,cota5
cota1b,cota,cota,small,0,1,cota1
cota2c,cota,cota,small,0,1,cota2
cota2e,cota,cota,small,0,1,cota2
cota5e,cota,cota,small,0,1,cota5
cota6b,cota,cota,small,0,1,cota6
cota2h,cota,cota,small,0,1,cota2
cota1f,cota,cota,small,0,1,cota1
cota4a,cota,cota,small,0,1,cota4
cota6c,cota,cota,small,0,1,cota6
cota1c,cota,cota,small,0,1,cota1
cota5c,cota,cota,small,0,1,cota5
cota6d,cota,cota,small,0,1,cota6
cota1h,cota,cota,small,0,1,cota1
cota2g,cota,cota,small,0,1,cota2
cota5a,cota,cota,small,0,1,cota5
cota2b,cota,cota,small,0,1,cota2
cota1i,cota,cota,small,0,1,cota1
cota3c,cota,cota,small,0,1,cota3
cota4b,cota,cota,small,0,1,cota4
cota1j,cota,cota,small,0,1,cota1
cota4c,cota,cota,small,0,1,cota4
eusc2d,eusc,eusc,small,0,1,eusc2
eusc3j,eusc,eusc,small,0,1,eusc3
eusc3i,eusc,eusc,small,0,1,eusc3
eusc3c,eusc,eusc,small,0,1,eusc3
eusc1f,eusc,eusc,small,0,1,eusc1
eusc1k,eusc,eusc,small,0,1,eusc1
eusc1g,eusc,eusc,small,0,1,eusc1
eusc2f,eusc,eusc,small,0,1,eusc2
eusc3k,eusc,eusc,small,0,1,eusc3
eusc2l,eusc,eusc,small,0,1,eusc2
eusc3a,eusc,eusc,small,0,1,eusc3
eusc2i,eusc,eusc,small,0,1,eusc2
eusc2e,eusc,eusc,small,0,1,eusc2
eusc3b,eusc,eusc,small,0,1,eusc3
eusc1h,eusc,eusc,small,0,1,eusc1
eusc3e,eusc,eusc,small,0,1,eusc3
eusc1a,eusc,eusc,small,0,1,eusc1
eusc2g,eusc,eusc,small,0,1,eusc2
eusc1i,eusc,eusc,small,0,1,eusc1
eusc3d,eusc,eusc,small,0,1,eusc3
eusc3l,eusc,eusc,small,0,1,eusc3
eusc2h,eusc,eusc,small,0,1,eusc2
eusc2a,eusc,eusc,small,0,1,eusc2
eusc2k,eusc,eusc,small,0,1,eusc2
eusc2b,eusc,eusc,small,0,1,eusc2
eusc2j,eusc,eusc,small,0,1,eusc2
eusc1d,eusc,eusc,small,0,1,eusc1
eusc3g,eusc,eusc,small,0,1,eusc3
eusc3h,eusc,eusc,small,0,1,eusc3
eusc1b,eusc,eusc,small,0,1,eusc1
eusc3f,eusc,eusc,small,0,1,eusc3
eusc1e,eusc,eusc,small,0,1,eusc1
eusc2c,eusc,eusc,small,0,1,eusc2
eusc1c,eusc,eusc,small,0,1,eusc1
eusc1l,eusc,eusc,small,0,1,eusc1
eusc1j,eusc,eusc,small,0,1,eusc1
eute2c,eute,eute,small,0,1,eute2
eute1b,eute,eute,small,0,1,eute1
eute1k,eute,eute,small,0,1,eute1
eute3f,eute,eute,small,0,1,eute3
eute2k,eute,eute,small,0,1,eute2
eute1a,eute,eute,small,0,1,eute1
eute3d,eute,eute,small,0,1,eute3
eute2a,eute,eute,small,0,1,eute2
eute2b,eute,eute,small,0,1,eute2
eute3i,eute,eute,small,0,1,eute3
eute3j,eute,eute,small,0,1,eute3
eute2l,eute,eute,small,0,1,eute2
eute1c,eute,eute,small,0,1,eute1
eute3g,eute,eute,small,0,1,eute3
eute3e,eute,eute,small,0,1,eute3
eute2j,eute,eute,small,0,1,eute2
eute2d,eute,eute,small,0,1,eute2
eute2e,eute,eute,small,0,1,eute2
eute1g,eute,eute,small,0,1,eute1
eute1h,eute,eute,small,0,1,eute1
eute3c,eute,eute,small,0,1,eute3
eute1j,eute,eute,small,0,1,eute1
eute2g,eute,eute,small,0,1,eute2
eute1d,eute,eute,small,0,1,eute1
eute3k,eute,eute,small,0,1,eute3
eute3b,eute,eute,small,0,1,eute3
eute1e,eute,eute,small,0,1,eute1
eute1l,eute,eute,small,0,1,eute1
eute3l,eute,eute,small,0,1,eute3
eute1f,eute,eute,small,0,1,eute1
eute3h,eute,eute,small,0,1,eute3
eute3a,eute,eute,small,0,1,eute3
eute2i,eute,eute,small,0,1,eute2
eute2h,eute,eute,small,0,1,eute2
eute1i,eute,eute,small,0,1,eute1
eute2f,eute,eute,small,0,1,eute2
excu1f,excu,excu,small,0,1,excu1
excu2i,excu,excu,small,0,1,excu2
excu2j,excu,excu,small,0,1,excu2
excu3g,excu,excu,small,0,1,excu3
excu1a,excu,excu,small,0,1,excu1
excu3f,excu,excu,small,0,1,excu3
excu1d,excu,excu,small,0,1,excu1
excu1g,excu,excu,small,0,1,excu1
excu2l,excu,excu,small,0,1,excu2
excu3j,excu,excu,small,0,1,excu3
excu1b,excu,excu,small,0,1,excu1
excu3a,excu,excu,small,0,1,excu3
excu2f,excu,excu,small,0,1,excu2
excu2k,excu,excu,small,0,1,excu2
excu2d,excu,excu,small,0,1,excu2
excu1h,excu,excu,small,0,1,excu1
excu3k,excu,excu,small,0,1,excu3
excu3c,excu,excu,small,0,1,excu3
excu3e,excu,excu,small,0,1,excu3
excu3i,excu,excu,small,0,1,excu3
excu1e,excu,excu,small,0,1,excu1
excu3d,excu,excu,small,0,1,excu3
excu2b,excu,excu,small,0,1,excu2
excu1i,excu,excu,small,0,1,excu1
excu2h,excu,excu,small,0,1,excu2
excu2c,excu,excu,small,0,1,excu2
excu1c,excu,excu,small,0,1,excu1
excu1k,excu,excu,small,0,1,excu1
excu3h,excu,excu,small,0,1,excu3
excu2e,excu,excu,small,0,1,excu2
excu2a,excu,excu,small,0,1,excu2
excu3b,excu,excu,small,0,1,excu3
excu3l,excu,excu,small,0,1,excu3
excu1j,excu,excu,small,0,1,excu1
excu2g,excu,excu,small,0,1,excu2
excu1l,excu,excu,small,0,1,excu1
hase3i,hase,hase,small,0,1,hase3
hase3f,hase,hase,small,0,1,hase3
hase1j,hase,hase,small,0,1,hase1
hase3l,hase,hase,small,0,1,hase3
hase3d,hase,hase,small,0,1,hase3
hase3e,hase,hase,small,0,1,hase3
hase2h,hase,hase,small,0,1,hase2
hase2f,hase,hase,small,0,1,hase2
hase1g,hase,hase,small,0,1,hase1
hase1i,hase,hase,small,0,1,hase1
hase1l,hase,hase,small,0,1,hase1
hase3k,hase,hase,small,0,1,hase3
hase1h,hase,hase,small,0,1,hase1
hase2a,hase,hase,small,0,1,hase2
hase3c,hase,hase,small,0,1,hase3
hase3b,hase,hase,small,0,1,hase3
hase2l,hase,hase,small,0,1,hase2
hase1d,hase,hase,small,0,1,hase1
hase2c,hase,hase,small,0,1,hase2
hase2g,hase,hase,small,0,1,hase2
hase1c,hase,hase,small,0,1,hase1
hase1e,hase,hase,small,0,1,hase1
hase2b,hase,hase,small,0,1,hase2
hase1f,hase,hase,small,0,1,hase1
hase1b,hase,hase,small,0,1,hase1
hase3g,hase,hase,small,0,1,hase3
hase3a,hase,hase,small,0,1,hase3
hase1k,hase,hase,small,0,1,hase1
hase2d,hase,hase,small,0,1,hase2
hase2j,hase,hase,small,0,1,hase2
hase2i,hase,hase,small,0,1,hase2
hase2k,hase,hase,small,0,1,hase2
hase2e,hase,hase,small,0,1,hase2
hase3h,hase,hase,small,0,1,hase3
hase3j,hase,hase,small,0,1,hase3
hase1a,hase,hase,small,0,1,hase1
isan4b,isan,isan,small,0,1,isan4
isan5k,isan,isan,small,0,1,isan5
isan5i,isan,isan,small,0,1,isan5
isan1d,isan,isan,small,0,1,isan1
isan3d,isan,isan,small,0,1,isan3
isan3b,isan,isan,small,0,1,isan3
isan5b,isan,isan,small,0,1,isan5
isan5h,isan,isan,small,0,1,isan5
isan3c,isan,isan,small,0,1,isan3
isan5c,isan,isan,small,0,1,isan5
isan3e,isan,isan,small,0,1,isan3
isan1c,isan,isan,small,0,1,isan1
isan5a,isan,isan,small,0,1,isan5
isan1i,isan,isan,small,0,1,isan1
isan2b,isan,isan,small,0,1,isan2
isan3a,isan,isan,small,0,1,isan3
isan5j,isan,isan,small,0,1,isan5
isan5f,isan,isan,small,0,1,isan5
isan1f,isan,isan,small,0,1,isan1
isan2e,isan,isan,small,0,1,isan2
isan1a,isan,isan,small,0,1,isan1
isan1b,isan,isan,small,0,1,isan1
isan3g,isan,isan,small,0,1,isan3
isan4c,isan,isan,small,0,1,isan4
isan2f,isan,isan,small,0,1,isan2
isan3f,isan,isan,small,0,1,isan3
isan2a,isan,isan,small,0,1,isan2
isan2c,isan,isan,small,0,1,isan2
isan5d,isan,isan,small,0,1,isan5
isan5e,isan,isan,small,0,1,isan5
isan5g,isan,isan,small,0,1,isan5
isan2d,isan,isan,small,0,1,isan2
isan1h,isan,isan,small,0,1,isan1
isan4a,isan,isan,small,0,1,isan4
isan1g,isan,isan,small,0,1,isan1
isan1e,isan,isan,small,0,1,isan1
jasc2f,jasc,jasc,small,0,1,jasc2
jasc3i,jasc,jasc,small,0,1,jasc3
jasc1f,jasc,jasc,small,0,1,jasc1
jasc1d,jasc,jasc,small,0,1,jasc1
jasc1a,jasc,jasc,small,0,1,jasc1
jasc3b,jasc,jasc,small,0,1,jasc3
jasc2c,jasc,jasc,small,0,1,jasc2
jasc1g,jasc,jasc,small,0,1,jasc1
jasc2k,jasc,jasc,small,0,1,jasc2
jasc2a,jasc,jasc,small,0,1,jasc2
jasc3e,jasc,jasc,small,0,1,jasc3
jasc1l,jasc,jasc,small,0,1,jasc1
jasc1i,jasc,jasc,small,0,1,jasc1
jasc1b,jasc,jasc,small,0,1,jasc1
jasc2g,jasc,jasc,small,0,1,jasc2
jasc2h,jasc,jasc,small,0,1,jasc2
jasc3d,jasc,jasc,small,0,1,jasc3
jasc1h,jasc,jasc,small,0,1,jasc1
jasc3h,jasc,jasc,small,0,1,jasc3
jasc1k,jasc,jasc,small,0,1,jasc1
jasc2b,jasc,jasc,small,0,1,jasc2
jasc3a,jasc,jasc,small,0,1,jasc3
jasc3f,jasc,jasc,small,0,1,jasc3
jasc2j,jasc,jasc,small,0,1,jasc2
jasc2d,jasc,jasc,small,0,1,jasc2
jasc1j,jasc,jasc,small,0,1,jasc1
jasc1c,jasc,jasc,small,0,1,jasc1
jasc1e,jasc,jasc,small,0,1,jasc1
jasc2e,jasc,jasc,small,0,1,jasc2
jasc3g,jasc,jasc,small,0,1,jasc3
jasc2i,jasc,jasc,small,0,1,jasc2
jasc3k,jasc,jasc,small,0,1,jasc3
jasc2l,jasc,jasc,small,0,1,jasc2
jasc3c,jasc,jasc,small,0,1,jasc3
jasc3j,jasc,jasc,small,0,1,jasc3
jasc3l,jasc,jasc,small,0,1,jasc3
leer3a,leer,leer,small,0,1,leer3
leer6c,leer,leer,small,0,1,leer6
leer8f,leer,leer,small,0,1,leer8
leer9b,leer,leer,small,0,1,leer9
leer1c,leer,leer,small,0,1,leer1
leer10c,leer,leer,small,0,1,leer10
leer8d,leer,leer,small,0,1,leer8
leer8a,leer,leer,small,0,1,leer8
leer5a,leer,leer,small,0,1,leer5
leer8e,leer,leer,small,0,1,leer8
leer10d,leer,leer,small,0,1,leer10
leer6a,leer,leer,small,0,1,leer6
leer5b,leer,leer,small,0,1,leer5
leer1a,leer,leer,small,0,1,leer1
leer9c,leer,leer,small,0,1,leer9
leer7f,leer,leer,small,0,1,leer7
leer7c,leer,leer,small,0,1,leer7
leer7e,leer,leer,small,0,1,leer7
leer8b,leer,leer,small,0,1,leer8
leer6b,leer,leer,small,0,1,leer6
leer4a,leer,leer,small,0,1,leer4
leer4b,leer,leer,small,0,1,leer4
leer10a,leer,leer,small,0,1,leer10
leer7b,leer,leer,small,0,1,leer7
leer10e,leer,leer,small,0,1,leer10
leer7d,leer,leer,small,0,1,leer7
leer10b,leer,leer,small,0,1,leer10
leer8c,leer,leer,small,0,1,leer8
leer1e,leer,leer,small,0,1,leer1
leer9d,leer,leer,small,0,1,leer9
leer1d,leer,leer,small,0,1,leer1
leer3b,leer,leer,small,0,1,leer3
leer1f,leer,leer,small,0,1,leer1
leer7a,leer,leer,small,0,1,leer7
leer9a,leer,leer,small,0,1,leer9
leer1b,leer,leer,small,0,1,leer1
lepa1c,lepa,lepa,small,0,1,lepa1
lepa3a,lepa,lepa,small,0,1,lepa3
lepa2c,lepa,lepa,small,0,1,lepa2
lepa2f,lepa,lepa,small,0,1,lepa2
lepa1j,lepa,lepa,small,0,1,lepa1
lepa3i,lepa,lepa,small,0,1,lepa3
lepa3e,lepa,lepa,small,0,1,lepa3
lepa2j,lepa,lepa,small,0,1,lepa2
lepa1b,lepa,lepa,small,0,1,lepa1
lepa3d,lepa,lepa,small,0,1,lepa3
lepa1a,lepa,lepa,small,0,1,lepa1
lepa3h,lepa,lepa,small,0,1,lepa3
lepa3f,lepa,lepa,small,0,1,lepa3
lepa1g,lepa,lepa,small,0,1,lepa1
lepa1l,lepa,lepa,small,0,1,lepa1
lepa2e,lepa,lepa,small,0,1,lepa2
lepa2g,lepa,lepa,small,0,1,lepa2
lepa2k,lepa,lepa,small,0,1,lepa2
lepa1e,lepa,lepa,small,0,1,lepa1
lepa3b,lepa,lepa,small,0,1,lepa3
lepa2h,lepa,lepa,small,0,1,lepa2
lepa3k,lepa,lepa,small,0,1,lepa3
lepa1f,lepa,lepa,small,0,1,lepa1
lepa1h,lepa,lepa,small,0,1,lepa1
lepa2d,lepa,lepa,small,0,1,lepa2
lepa2b,lepa,lepa,small,0,1,lepa2
lepa3c,lepa,lepa,small,0,1,lepa3
lepa3g,lepa,lepa,small,0,1,lepa3
lepa3l,lepa,lepa,small,0,1,lepa3
lepa2i,lepa,lepa,small,0,1,lepa2
lepa2a,lepa,lepa,small,0,1,lepa2
lepa2l,lepa,lepa,small,0,1,lepa2
lepa1k,lepa,lepa,small,0,1,lepa1
lepa1d,lepa,lepa,small,0,1,lepa1
lepa1i,lepa,lepa,small,0,1,lepa1
lepa3j,lepa,lepa,small,0,1,lepa3
mede3g,mede,mede,small,0,1,mede3
mede1a,mede,mede,small,0,1,mede1
mede1i,mede,mede,small,0,1,mede1
mede1c,mede,mede,small,0,1,mede1
mede3k,mede,mede,small,0,1,mede3
mede3f,mede,mede,small,0,1,mede3
mede1b,mede,mede,small,0,1,mede1
mede1e,mede,mede,small,0,1,mede1
mede1j,mede,mede,small,0,1,mede1
mede2i,mede,mede,small,0,1,mede2
mede2a,mede,mede,small,0,1,mede2
mede1g,mede,mede,small,0,1,mede1
mede2c,mede,mede,small,0,1,mede2
mede3h,mede,mede,small,0,1,mede3
mede2h,mede,mede,small,0,1,mede2
mede2e,mede,mede,small,0,1,mede2
mede1d,mede,mede,small,0,1,mede1
mede2d,mede,mede,small,0,1,mede2
mede1f,mede,mede,small,0,1,mede1
mede3j,mede,mede,small,0,1,mede3
mede1k,mede,mede,small,0,1,mede1
mede3b,mede,mede,small,0,1,mede3
mede3i,mede,mede,small,0,1,mede3
mede2l,mede,mede,small,0,1,mede2
mede3a,mede,mede,small,0,1,mede3
mede1l,mede,mede,small,0,1,mede1
mede2g,mede,mede,small,0,1,mede2
mede3d,mede,mede,small,0,1,mede3
mede2f,mede,mede,small,0,1,mede2
mede3l,mede,mede,small,0,1,mede3
mede2j,mede,mede,small,0,1,mede2
mede1h,mede,mede,small,0,1,mede1
mede2k,mede,mede,small,0,1,mede2
mede2b,mede,mede,small,0,1,mede2
mede3e,mede,mede,small,0,1,mede3
mede3c,mede,mede,small,0,1,mede3
olst1e,olst,olst,small,0,1,olst1
olst1j,olst,olst,small,0,1,olst1
olst1i,olst,olst,small,0,1,olst1
olst2j,olst,olst,small,0,1,olst2
olst2b,olst,olst,small,0,1,olst2
olst2d,olst,olst,small,0,1,olst2
olst4h,olst,olst,small,0,1,olst4
olst1c,olst,olst,small,0,1,olst1
olst3a,olst,olst,small,0,1,olst3
olst3b,olst,olst,small,0,1,olst3
olst4e,olst,olst,small,0,1,olst4
olst1a,olst,olst,small,0,1,olst1
olst4f,olst,olst,small,0,1,olst4
olst2i,olst,olst,small,0,1,olst2
olst2e,olst,olst,small,0,1,olst2
olst4i,olst,olst,small,0,1,olst4
olst2g,olst,olst,small,0,1,olst2
olst1d,olst,olst,small,0,1,olst1
olst2h,olst,olst,small,0,1,olst2
olst2c,olst,olst,small,0,1,olst2
olst4c,olst,olst,small,0,1,olst4
olst2f,olst,olst,small,0,1,olst2
olst2a,olst,olst,small,0,1,olst2
olst4b,olst,olst,small,0,1,olst4
olst1b,olst,olst,small,0,1,olst1
olst1k,olst,olst,small,0,1,olst1
olst1g,olst,olst,small,0,1,olst1
olst1h,olst,olst,small,0,1,olst1
olst4g,olst,olst,small,0,1,olst4
olst4a,olst,olst,small,0,1,olst4
olst3c,olst,olst,small,0,1,olst3
olst1f,olst,olst,small,0,1,olst1
olst4d,olst,olst,small,0,1,olst4
peli1k,peli,peli,small,0,1,peli1
peli2k,peli,peli,small,0,1,peli2
peli2i,peli,peli,small,0,1,peli2
peli3l,peli,peli,small,0,1,peli3
peli3c,peli,peli,small,0,1,peli3
peli1c,peli,peli,small,0,1,peli1
peli3h,peli,peli,small,0,1,peli3
peli3k,peli,peli,small,0,1,peli3
peli3b,peli,peli,small,0,1,peli3
peli3i,peli,peli,small,0,1,peli3
peli1a,peli,peli,small,0,1,peli1
peli2g,peli,peli,small,0,1,peli2
peli2f,peli,peli,small,0,1,peli2
peli1i,peli,peli,small,0,1,peli1
peli1l,peli,peli,small,0,1,peli1
peli3g,peli,peli,small,0,1,peli3
peli2e,peli,peli,small,0,1,peli2
peli1j,peli,peli,small,0,1,peli1
peli2j,peli,peli,small,0,1,peli2
peli1b,peli,peli,small,0,1,peli1
peli2d,peli,peli,small,0,1,peli2
peli2h,peli,peli,small,0,1,peli2
peli1d,peli,peli,small,0,1,peli1
peli2l,peli,peli,small,0,1,peli2
peli3f,peli,peli,small,0,1,peli3
peli2a,peli,peli,small,0,1,peli2
peli3d,peli,peli,small,0,1,peli3
peli1e,peli,peli,small,0,1,peli1
peli3a,peli,peli,small,0,1,peli3
peli1f,peli,peli,small,0,1,peli1
peli3j,peli,peli,small,0,1,peli3
peli1g,peli,peli,small,0,1,peli1
peli1h,peli,peli,small,0,1,peli1
peli2b,peli,peli,small,0,1,peli2
peli3e,peli,peli,small,0,1,peli3
peli2c,peli,peli,small,0,1,peli2
penu1d,penu,penu,small,0,1,penu1
penu1c,penu,penu,small,0,1,penu1
penu3c,penu,penu,small,0,1,penu3
penu2h,penu,penu,small,0,1,penu2
penu2j,penu,penu,small,0,1,penu2
penu5d,penu,penu,small,0,1,penu5
penu1b,penu,penu,small,0,1,penu1
penu1a,penu,penu,small,0,1,penu1
penu2n,penu,penu,small,0,1,penu2
penu4c,penu,penu,small,0,1,penu4
penu2i,penu,penu,small,0,1,penu2
penu2d,penu,penu,small,0,1,penu2
penu3g,penu,penu,small,0,1,penu3
penu2m,penu,penu,small,0,1,penu2
penu4d,penu,penu,small,0,1,penu4
penu2a,penu,penu,small,0,1,penu2
penu2c,penu,penu,small,0,1,penu2
penu5a,penu,penu,small,0,1,penu5
penu3b,penu,penu,small,0,1,penu3
penu2f,penu,penu,small,0,1,penu2
penu2g,penu,penu,small,0,1,penu2
penu3d,penu,penu,small,0,1,penu3
penu3h,penu,penu,small,0,1,penu3
penu3e,penu,penu,small,0,1,penu3
penu2b,penu,penu,small,0,1,penu2
penu5b,penu,penu,small,0,1,penu5
penu1e,penu,penu,small,0,1,penu1
penu3i,penu,penu,small,0,1,penu3
penu2k,penu,penu,small,0,1,penu2
penu3f,penu,penu,small,0,1,penu3
penu2l,penu,penu,small,0,1,penu2
penu2e,penu,penu,small,0,1,penu2
penu3a,penu,penu,small,0,1,penu3
penu4b,penu,penu,small,0,1,penu4
penu5c,penu,penu,small,0,1,penu5
penu4a,penu,penu,small,0,1,penu4
pepu1e,pepu,pepu,small,0,1,pepu1
pepu1a,pepu,pepu,small,0,1,pepu1
pepu3j,pepu,pepu,small,0,1,pepu3
pepu1f,pepu,pepu,small,0,1,pepu1
pepu2f,pepu,pepu,small,0,1,pepu2
pepu1b,pepu,pepu,small,0,1,pepu1
pepu3i,pepu,pepu,small,0,1,pepu3
pepu3l,pepu,pepu,small,0,1,pepu3
pepu1k,pepu,pepu,small,0,1,pepu1
pepu1g,pepu,pepu,small,0,1,pepu1
pepu3a,pepu,pepu,small,0,1,pepu3
pepu2a,pepu,pepu,small,0,1,pepu2
pepu1i,pepu,pepu,small,0,1,pepu1
pepu1c,pepu,pepu,small,0,1,pepu1
pepu1d,pepu,pepu,small,0,1,pepu1
pepu2h,pepu,pepu,small,0,1,pepu2
pepu3g,pepu,pepu,small,0,1,pepu3
pepu3b,pepu,pepu,small,0,1,pepu3
pepu3f,pepu,pepu,small,0,1,pepu3
pepu2b,pepu,pepu,small,0,1,pepu2
pepu3d,pepu,pepu,small,0,1,pepu3
pepu2g,pepu,pepu,small,0,1,pepu2
pepu2i,pepu,pepu,small,0,1,pepu2
pepu1l,pepu,pepu,small,0,1,pepu1
pepu2d,pepu,pepu,small,0,1,pepu2
pepu2e,pepu,pepu,small,0,1,pepu2
pepu3e,pepu,pepu,small,0,1,pepu3
pepu1h,pepu,pepu,small,0,1,pepu1
pepu2l,pepu,pepu,small,0,1,pepu2
pepu2j,pepu,pepu,small,0,1,pepu2
pepu3h,pepu,pepu,small,0,1,pepu3
pepu3k,pepu,pepu,small,0,1,pepu3
pepu2c,pepu,pepu,small,0,1,pepu2
pepu2k,pepu,pepu,small,0,1,pepu2
pepu3c,pepu,pepu,small,0,1,pepu3
pepu1j,pepu,pepu,small,0,1,pepu1
ripi1b,ripi,ripi,small,0,1,ripi1
ripi3i,ripi,ripi,small,0,1,ripi3
ripi1c,ripi,ripi,small,0,1,ripi1
ripi2i,ripi,ripi,small,0,1,ripi2
ripi1j,ripi,ripi,small,0,1,ripi1
ripi2l,ripi,ripi,small,0,1,ripi2
ripi1i,ripi,ripi,small,0,1,ripi1
ripi3g,ripi,ripi,small,0,1,ripi3
ripi2g,ripi,ripi,small,0,1,ripi2
ripi3l,ripi,ripi,small,0,1,ripi3
ripi3b,ripi,ripi,small,0,1,ripi3
ripi1g,ripi,ripi,small,0,1,ripi1
ripi2e,ripi,ripi,small,0,1,ripi2
ripi3c,ripi,ripi,small,0,1,ripi3
ripi3k,ripi,ripi,small,0,1,ripi3
ripi3d,ripi,ripi,small,0,1,ripi3
ripi3j,ripi,ripi,small,0,1,ripi3
ripi2d,ripi,ripi,small,0,1,ripi2
ripi3h,ripi,ripi,small,0,1,ripi3
ripi2b,ripi,ripi,small,0,1,ripi2
ripi1f,ripi,ripi,small,0,1,ripi1
ripi3f,ripi,ripi,small,0,1,ripi3
ripi3e,ripi,ripi,small,0,1,ripi3
ripi3a,ripi,ripi,small,0,1,ripi3
ripi2a,ripi,ripi,small,0,1,ripi2
ripi2k,ripi,ripi,small,0,1,ripi2
ripi2j,ripi,ripi,small,0,1,ripi2
ripi1k,ripi,ripi,small,0,1,ripi1
ripi2f,ripi,ripi,small,0,1,ripi2
ripi1d,ripi,ripi,small,0,1,ripi1
ripi1e,ripi,ripi,small,0,1,ripi1
ripi2h,ripi,ripi,small,0,1,ripi2
ripi1l,ripi,ripi,small,0,1,ripi1
ripi1a,ripi,ripi,small,0,1,ripi1
ripi1h,ripi,ripi,small,0,1,ripi1
ripi2c,ripi,ripi,small,0,1,ripi2
basp3x,basp,basp,small,0,1,basp3
basp3y,basp,basp,small,0,1,basp3
basp3z,basp,basp,small,0,1,basp3
LEPA45,LEPA,lepa,large,7,0.9010867371824925,LEPA4
cota2d,cota,cota,small,7,0.7857138996273909,cota2
eusc2d,eusc,eusc,small,7,0.9092485383002556,eusc2
baae3i,baae,baae,small,7,0.8977010182804002,baae3
basp2c,basp,basp,small,7,0.7711346272586681,basp2
acel2b,acel,acel,small,7,0.8276404263252587,acel2
eute1b,eute,eute,small,7,0.8534161766885467,eute1
cota3d,cota,cota,small,7,0.7637324341446915,cota3
anba1l,anba,anba,small,7,0.7939732903709302,anba1
peli2k,peli,peli,small,7,0.7400087296099812,peli2
ACPA18,ACPA,acpa,large,7,0.9850247368250172,ACPA1
olst1j,olst,olst,small,7,0.8087878876375282,olst1
ALLI315,ALLI,alli,large,7,1.0022570977388687,ALLI3
cali3f,cali,cali,small,7,0.7767379235118248,cali3
lepa2f,lepa,lepa,small,7,0.8347045473819301,lepa2
hase1j,hase,hase,small,7,0.9009195624332708,hase1
baae3b,baae,baae,small,7,0.9339981453268997,baae3
olst1i,olst,olst,small,7,0.824924660502009,olst1
ALLI19,ALLI,alli,large,7,0.9728952136634992,ALLI1
leer6c,leer,leer,small,7,0.8989014679714975,leer6
ACPA12,ACPA,acpa,large,7,1.0130790665101068,ACPA1
lepa1j,lepa,lepa,small,7,0.8439308631581864,lepa1
cota3b,cota,cota,small,7,0.8048130822657463,cota3
baae3h,baae,baae,small,7,0.8813684875062956,baae3
cali3j,cali,cali,small,7,0.8058606551131489,cali3
cali3a,cali,cali,small,7,0.7544783487782613,cali3
MEDE311,MEDE,mede,large,7,0.9889240635253086,MEDE3
EUTE19,EUTE,eute,large,7,0.9290085167831627,EUTE1
eute3d,eute,eute,small,7,0.7577479920036639,eute3
ripi2i,ripi,ripi,small,7,0.9376590514341722,ripi2
acpa3d,acpa,acpa,small,7,0.87083334810498,acpa3
EUTE31,EUTE,eute,large,7,0.9663251676630729,EUTE3
ACPA311,ACPA,acpa,large,7,0.9321799050843073,ACPA3
lepa1a,lepa,lepa,small,7,0.8291858282878821,lepa1
peli3h,peli,peli,small,7,0.8504156869485889,peli3
lepa3d,lepa,lepa,small,7,0.8878751355386257,lepa3
hase3e,hase,hase,small,7,0.8698405950617577,hase3
PELI311,PELI,peli,large,7,0.8140377960530721,PELI3
ANBA311,ANBA,anba,large,7,0.9383556881896099,ANBA3
ACPA42,ACPA,acpa,large,7,1.0118500483681205,ACPA4
LEPA37,LEPA,lepa,large,7,1.01053614708435,LEPA3
EXCU27,EXCU,excu,large,7,0.905300975883858,EXCU2
EXCU28,EXCU,excu,large,7,0.912693718143291,EXCU2
EUSC31,EUSC,eusc,large,7,0.9717536964351711,EUSC3
eusc1f,eusc,eusc,small,7,0.8528352435139462,eusc1
leer8d,leer,leer,small,7,0.913694618944891,leer8
PELI25,PELI,peli,large,7,0.7116170833821486,PELI2
leer8a,leer,leer,small,7,0.8851893490365268,leer8
eute2l,eute,eute,small,7,0.8804549794319793,eute2
JASC319,JASC,jasc,large,7,0.9542747071143477,JASC3
EUTE312,EUTE,eute,large,7,0.9895473706508289,EUTE3
EUSC213,EUSC,eusc,large,7,0.8763392788124044,EUSC2
ripi1i,ripi,ripi,small,7,0.8403387918032251,ripi1
ripi2g,ripi,ripi,small,7,0.8815236460881057,ripi2
cota1e,cota,cota,small,7,0.8955305605648769,cota1
anba1j,anba,anba,small,7,0.8296700830888861,anba1
JASC28,JASC,jasc,large,7,0.9087090051878927,JASC2
isan3d,isan,isan,small,7,0.7443610566039125,isan3
ANBA23,ANBA,anba,large,7,0.8800354674143392,ANBA2
isan3c,isan,isan,small,7,0.8198574014903113,isan3
baae1c,baae,baae,small,7,0.8931709451017787,baae1
anba1a,anba,anba,small,7,0.7886640464839513,anba1
acpa1a,acpa,acpa,small,7,0.8994692416265233,acpa1
alli2b,alli,alli,small,7,0.876413917244337,alli2
jasc3e,jasc,jasc,small,7,0.8224061380174249,jasc3
mede2a,mede,mede,small,7,0.7424005625868183,mede2
PEPU212,PEPU,pepu,large,7,0.9900505525168656,PEPU2
penu1b,penu,penu,small,7,0.8663759219978444,penu1
MEDE111,MEDE,mede,large,7,0.9223251690918931,MEDE1
JASC316,JASC,jasc,large,7,0.996929215191768,JASC3
ALLI211,ALLI,alli,large,7,0.9081491473427898,ALLI2
pepu1g,pepu,pepu,small,7,0.9173614935860327,pepu1
olst1a,olst,olst,small,7,0.7527397060517292,olst1
EXCU16,EXCU,excu,large,7,0.9250411812457562,EXCU1
leer5b,leer,leer,small,7,0.941789094425328,leer5
MEDE211,MEDE,mede,large,7,0.9684568853278642,MEDE2
acel1l,acel,acel,small,7,0.9265925236732135,acel1
hase2h,hase,hase,small,7,0.8802985625034012,hase2
olst4f,olst,olst,small,7,0.8927551265688705,olst4
EUTE11,EUTE,eute,large,7,0.9634506183086927,EUTE1
mede1g,mede,mede,small,7,0.7944486233713544,mede1
acpa3f,acpa,acpa,small,7,0.8669187572912472,acpa3
cali1h,cali,cali,small,7,0.8895095896176606,cali1
leer9c,leer,leer,small,7,0.9392909801165075,leer9
excu2f,excu,excu,small,7,0.8567361948103607,excu2
olst2i,olst,olst,small,7,0.9460798470221151,olst2
ACPA36,ACPA,acpa,large,7,0.9492904744373327,ACPA3
jasc1b,jasc,jasc,small,7,0.7611829109967866,jasc1
ripi3c,ripi,ripi,small,7,0.9950984422478981,ripi3
ALLI38,ALLI,alli,large,7,1.0142167579996895,ALLI3
isan5a,isan,isan,small,7,0.7944430000001481,isan5
excu2k,excu,excu,small,7,0.8102376588226218,excu2
EUSC112,EUSC,eusc,large,7,0.995668797046069,EUSC1
mede3h,mede,mede,small,7,0.7684380299611017,mede3
acpa3l,acpa,acpa,small,7,0.9416403048530522,acpa3
mede1d,mede,mede,small,7,0.911089712271003,mede1
excu2d,excu,excu,small,7,0.8833843897243026,excu2
acpa1k,acpa,acpa,small,7,0.9516543745750464,acpa1
ripi3d,ripi,ripi,small,7,0.9951101598802156,ripi3
hase3k,hase,hase,small,7,0.9216293995733722,hase3
cali1c,cali,cali,small,7,0.994555951883644,cali1
LEPA13,LEPA,lepa,large,7,0.8981222006385262,LEPA1
cota2h,cota,cota,small,7,0.9789586267625142,cota2
acpa1i,acpa,acpa,small,7,0.9681352387898716,acpa1
ACPA16,ACPA,acpa,large,7,0.9973533178625448,ACPA1
basp1e,basp,basp,small,7,0.8118187284751679,basp1
baae1b,baae,baae,small,7,0.9517395316658297,baae1
pepu3g,pepu,pepu,small,7,0.9478886078255909,pepu3
MEDE16,MEDE,mede,large,7,0.9120589523875953,MEDE1
EUSC34,EUSC,eusc,large,7,0.961199975018401,EUSC3
excu1h,excu,excu,small,7,0.9925695440836647,excu1
BAAE39,BAAE,baae,large,7,1.0032961879091882,BAAE3
BAAE311,BAAE,baae,large,7,1.031091220775224,BAAE3
peli1l,peli,peli,small,7,0.7440545356436356,peli1
BAAE13,BAAE,baae,large,7,0.8782094529026205,BAAE1
eute2g,eute,eute,small,7,0.8769024674047314,eute2
isan5f,isan,isan,small,7,0.9402592497889672,isan5
PELI16,PELI,peli,large,7,0.8700407619215126,PELI1
penu3g,penu,penu,small,7,0.8076753000748862,penu3
LEPA25,LEPA,lepa,large,7,0.9709572906376215,LEPA2
jasc1h,jasc,jasc,small,7,0.7658080676101698,jasc1
acel2i,acel,acel,small,7,0.9096535756759767,acel2
basp1g,basp,basp,small,7,0.8428594383723659,basp1
PELI34,PELI,peli,large,7,0.958706828300257,PELI3
ANBA112,ANBA,anba,large,7,0.8777127281171929,ANBA1
ripi3e,ripi,ripi,small,7,0.9870422647273052,ripi3
peli2j,peli,peli,small,7,0.9395083367493059,peli2
alli1b,alli,alli,small,7,0.8450368658165781,alli1
acel5j,acel,acel,small,7,0.908862281827986,acel5
eusc1a,eusc,eusc,small,7,0.9261139310816098,eusc1
pepu3d,pepu,pepu,small,7,0.9412732801454221,pepu3
hase2g,hase,hase,small,7,0.9530442201950132,hase2
basp2h,basp,basp,small,7,0.9418613515704879,basp2
PELI35,PELI,peli,large,7,0.9441896365664496,PELI3
ANBA33,ANBA,anba,large,7,1.007446444070575,ANBA3
BAAE15,BAAE,baae,large,7,0.9094993318480937,BAAE1
pepu2g,pepu,pepu,small,7,0.9664069941482142,pepu2
PEPU110,PEPU,pepu,large,7,0.9501426899935194,PEPU1
EUTE23,EUTE,eute,large,7,0.9387963197913168,EUTE2
MEDE27,MEDE,mede,large,7,0.9566463348354846,MEDE2
anba2a,anba,anba,small,7,0.9445357016887441,anba2
eusc3l,eusc,eusc,small,7,0.9917186887293443,eusc3
JASC113,JASC,jasc,large,7,0.9431872096907018,JASC1
LEPA35,LEPA,lepa,large,7,1.0473068198738538,LEPA3
EXCU39,EXCU,excu,large,7,0.9296499703435759,EXCU3
olst2f,olst,olst,small,7,0.959250999674938,olst2
lepa3k,lepa,lepa,small,7,0.974285760226772,lepa3
jasc2e,jasc,jasc,small,7,0.8905909764057184,jasc2
isan4c,isan,isan,small,7,0.973798457041413,isan4
JASC115,JASC,jasc,large,7,0.9337396490316767,JASC1
BAAE212,BAAE,baae,large,7,0.9178107847530305,BAAE2
acel2d,acel,acel,small,7,1.0011423522687861,acel2
eusc2h,eusc,eusc,small,7,1.0082967233279276,eusc2
EUSC314,EUSC,eusc,large,7,0.9464070737960287,EUSC3
pepu2d,pepu,pepu,small,7,0.979152198449845,pepu2
EUTE32,EUTE,eute,large,7,1.0041702740203597,EUTE3
cota1c,cota,cota,small,7,0.9625695015638769,cota1
eute3b,eute,eute,small,7,0.9145367708124069,eute3
LEPA12,LEPA,lepa,large,7,1.0373113156002942,LEPA1
alli1g,alli,alli,small,7,0.8846205819927067,alli1
penu3d,penu,penu,small,7,0.8571439576808585,penu3
EXCU313,EXCU,excu,large,7,0.9642123704908372,EXCU3
penu3h,penu,penu,small,7,0.957017599026732,penu3
PEPU33,PEPU,pepu,large,7,0.974356641229822,PEPU3
peli2a,peli,peli,small,7,0.9049522620692102,peli2
excu2h,excu,excu,small,7,0.9326401467132585,excu2
EXCU14,EXCU,excu,large,7,0.9723423664621451,EXCU1
cali2c,cali,cali,small,7,1.018400425042561,cali2
ALLI21,ALLI,alli,large,7,0.9764586740053997,ALLI2
PEPU18,PEPU,pepu,large,7,0.9419950435460026,PEPU1
alli3j,alli,alli,small,7,0.9739075528300973,alli3
baae1f,baae,baae,small,7,1.12806397361042,baae1
alli3a,alli,alli,small,7,1.0006564604277948,alli3
jasc2b,jasc,jasc,small,7,0.9451652981312452,jasc2
pepu2j,pepu,pepu,small,7,0.9361942956256973,pepu2
mede3d,mede,mede,small,7,0.9638285501141215,mede3
PEPU28,PEPU,pepu,large,7,0.9795753306168141,PEPU2
MEDE21,MEDE,mede,large,7,0.9563220290094216,MEDE2
JASC38,JASC,jasc,large,7,1.0040346849751423,JASC3
eute1f,eute,eute,small,7,0.85875002779285,eute1
EUSC210,EUSC,eusc,large,7,1.0179194772428797,EUSC2
jasc1e,jasc,jasc,small,7,0.9291667542330336,jasc1
peli3a,peli,peli,small,7,0.9914874759067345,peli3
anba3c,anba,anba,small,7,1.081509851196302,anba3
ALLI114,ALLI,alli,large,7,0.953544378852509,ALLI1
anba1g,anba,anba,small,7,0.9221082891317794,anba1
isan5e,isan,isan,small,7,0.9250861022257699,isan5
basp2b,basp,basp,small,7,0.9510848578600077,basp2
acel2l,acel,acel,small,7,1.0114616875985418,acel2
PEPU213,PEPU,pepu,large,7,1.0163415408536771,PEPU2
eusc1d,eusc,eusc,small,7,0.9558972759388948,eusc1
penu1e,penu,penu,small,7,1.0088843512637922,penu1
alli1l,alli,alli,small,7,0.9373617758120915,alli1
mede3l,mede,mede,small,7,0.9539352793078046,mede3
excu2e,excu,excu,small,7,0.939001815516163,excu2
basp3e,basp,basp,small,7,0.9411465602148188,basp3
leer9d,leer,leer,small,7,1.0147620839058382,leer9
ANBA14,ANBA,anba,large,7,0.9643195478958998,ANBA1
ANBA116,ANBA,anba,large,7,0.9440600206879024,ANBA1
BAAE110,BAAE,baae,large,7,0.9064556197080332,BAAE1
hase2j,hase,hase,small,7,0.9584465458163914,hase2
PELI21,PELI,peli,large,7,0.8465759206442613,PELI2
lepa2i,lepa,lepa,small,7,1.041504114570625,lepa2
penu3f,penu,penu,small,7,0.9505595620803201,penu3
EXCU13,EXCU,excu,large,13,0.9379809504400529,EXCU1
PEPU23,PEPU,pepu,large,13,0.901078630181691,PEPU2
alli3d,alli,alli,small,13,0.8684833858817286,alli3
basp2k,basp,basp,small,13,0.7045507136600279,basp2
ripi3i,ripi,ripi,small,13,0.7512478973815125,ripi3
ALLI316,ALLI,alli,large,13,0.9745883757188913,ALLI3
jasc2f,jasc,jasc,small,13,0.6804918169154806,jasc2
jasc3i,jasc,jasc,small,13,0.6715138483002132,jasc3
ripi1c,ripi,ripi,small,13,0.7204760377777973,ripi1
PELI17,PELI,peli,large,13,0.8249125257633501,PELI1
eute2c,eute,eute,small,13,0.5104356801470504,eute2
mede3g,mede,mede,small,13,0.8621597674840845,mede3
lepa2c,lepa,lepa,small,13,0.8312667099841029,lepa2
hase3f,hase,hase,small,13,0.7698130027336623,hase3
ANBA215,ANBA,anba,large,13,0.8074380052708173,ANBA2
baae2c,baae,baae,small,13,0.7025211388378702,baae2
ALLI212,ALLI,alli,large,13,0.8409409324543708,ALLI2
jasc1f,jasc,jasc,small,13,0.6755518536341466,jasc1
eute3f,eute,eute,small,13,0.8267975633253204,eute3
leer8f,leer,leer,small,13,0.7926982642309086,leer8
peli3l,peli,peli,small,13,0.7197186004532964,peli3
hase3d,hase,hase,small,13,0.5849281189246076,hase3
BAAE316,BAAE,baae,large,13,0.9321589809040622,BAAE3
MEDE216,MEDE,mede,large,13,0.9187887404834642,MEDE2
penu1d,penu,penu,small,13,0.792583055609979,penu1
JASC318,JASC,jasc,large,13,0.947637761517447,JASC3
hase1l,hase,hase,small,13,0.6815714172498121,hase1
JASC21,JASC,jasc,large,13,0.8577045789937506,JASC2
JASC17,JASC,jasc,large,13,0.840763933599771,JASC1
anba1h,anba,anba,small,13,0.7358305023407288,anba1
lepa2j,lepa,lepa,small,13,0.7622870675491442,lepa2
EUSC19,EUSC,eusc,large,13,0.8716546490156606,EUSC1
EUSC113,EUSC,eusc,large,13,0.9201414488625,EUSC1
acel2e,acel,acel,small,13,0.7889940585920696,acel2
basp3m,basp,basp,small,13,0.7306757631411858,basp3
mede3k,mede,mede,small,13,0.7812560334584727,mede3
ALLI23,ALLI,alli,large,13,0.8399578331375303,ALLI2
excu1a,excu,excu,small,13,0.7978256841957883,excu1
BAAE35,BAAE,baae,large,13,0.994128369611537,BAAE3
baae1g,baae,baae,small,13,0.8785287984607659,baae1
acel1h,acel,acel,small,13,0.8339453794057746,acel1
pepu1f,pepu,pepu,small,13,0.4730348950746297,pepu1
penu2h,penu,penu,small,13,0.5015623098443509,penu2
eute3i,eute,eute,small,13,0.6587671446082136,eute3
eusc1k,eusc,eusc,small,13,0.8020293949364986,eusc1
eusc1g,eusc,eusc,small,13,0.795899170844714,eusc1
ANBA38,ANBA,anba,large,13,0.8986827639236245,ANBA3
acpa3c,acpa,acpa,small,13,0.8254111819529257,acpa3
excu3f,excu,excu,small,13,0.8526279500583265,excu3
ANBA316,ANBA,anba,large,13,0.8259016447548634,ANBA3
acpa3b,acpa,acpa,small,13,0.8064741975987828,acpa3
leer5a,leer,leer,small,13,0.9126484742786234,leer5
PELI117,PELI,peli,large,13,0.9778018443108487,PELI1
isan1d,isan,isan,small,13,0.8395766571231983,isan1
excu1d,excu,excu,small,13,0.9507467874171032,excu1
excu1g,excu,excu,small,13,0.8458106908484242,excu1
acel1a,acel,acel,small,13,0.8122155208683434,acel1
PELI313,PELI,peli,large,13,0.8768436197892716,PELI3
olst4h,olst,olst,small,13,0.6389675594487255,olst4
jasc2k,jasc,jasc,small,13,0.822050245886139,jasc2
LEPA22,LEPA,lepa,large,13,0.9289273964844095,LEPA2
eute3g,eute,eute,small,13,0.8522653997512643,eute3
cali3k,cali,cali,small,13,0.8242004702747135,cali3
olst4e,olst,olst,small,13,0.7397836377190333,olst4
MEDE22,MEDE,mede,large,13,0.8759569928070904,MEDE2
ALLI113,ALLI,alli,large,13,0.7155408843791974,ALLI1
jasc1l,jasc,jasc,small,13,0.7615249956717701,jasc1
LEPA15,LEPA,lepa,large,13,0.9007931765653491,LEPA1
JASC26,JASC,jasc,large,13,0.8744790510203133,JASC2
cota1b,cota,cota,small,13,0.8284680613728814,cota1
LEPA19,LEPA,lepa,large,13,0.9362958612474376,LEPA1
EUTE316,EUTE,eute,large,13,0.919253384309147,EUTE3
mede2c,mede,mede,small,13,0.7578970418957918,mede2
BAAE26,BAAE,baae,large,13,0.8588238673135352,BAAE2
jasc1i,jasc,jasc,small,13,0.7735119452757885,jasc1
basp3i,basp,basp,small,13,0.662946790319669,basp3
basp2g,basp,basp,small,13,0.7749712651478505,basp2
JASC23,JASC,jasc,large,13,0.8895701695043055,JASC2
EUSC11,EUSC,eusc,large,13,0.8519432174586223,EUSC1
PEPU38,PEPU,pepu,large,13,0.9437583484778631,PEPU3
acel2a,acel,acel,small,13,0.8575571412772391,acel2
pepu2a,pepu,pepu,small,13,0.8685635595767836,pepu2
isan1i,isan,isan,small,13,0.8464614738546052,isan1
pepu1i,pepu,pepu,small,13,0.8084129015152263,pepu1
pepu1c,pepu,pepu,small,13,0.9423315485073394,pepu1
acpa1e,acpa,acpa,small,13,0.8559611097175147,acpa1
EUSC111,EUSC,eusc,large,13,0.9551829804280946,EUSC1
acel1d,acel,acel,small,13,0.9580702467423614,acel1
cali1g,cali,cali,small,13,0.8518114957143808,cali1
alli2l,alli,alli,small,13,0.8523167885970364,alli2
mede2h,mede,mede,small,13,0.8940426290020607,mede2
acpa3a,acpa,acpa,small,13,0.8719401520552914,acpa3
isan2b,isan,isan,small,13,0.8178002501349235,isan2
leer7c,leer,leer,small,13,0.7807856272218469,leer7
ANBA31,ANBA,anba,large,13,0.966063928625651,ANBA3
lepa2k,lepa,lepa,small,13,0.8055947441976324,lepa2
ACPA411,ACPA,acpa,large,13,0.920187119624608,ACPA4
EUTE34,EUTE,eute,large,13,0.9858852742614713,EUTE3
LEPA33,LEPA,lepa,large,13,1.0214130605456413,LEPA3
hase1h,hase,hase,small,13,0.8059294975034961,hase1
cali3b,cali,cali,small,13,0.7788137811397277,cali3
ANBA26,ANBA,anba,large,13,0.8174632911078643,ANBA2
mede2d,mede,mede,small,13,0.8347467419481623,mede2
ACPA315,ACPA,acpa,large,13,0.9355490567235152,ACPA3
penu2i,penu,penu,small,13,0.7574437125993322,penu2
alli1h,alli,alli,small,13,0.8697529115853554,alli1
LEPA47,LEPA,lepa,large,13,0.9361967965032603,LEPA4
pepu3b,pepu,pepu,small,13,0.8909004931223521,pepu3
leer8b,leer,leer,small,13,0.9560862492973987,leer8
peli1i,peli,peli,small,13,0.842145259549089,peli1
lepa1e,lepa,lepa,small,13,0.9256413883417498,lepa1
MEDE19,MEDE,mede,large,13,0.8271010151399854,MEDE1
hase3b,hase,hase,small,13,0.8498521229123621,hase3
PEPU35,PEPU,pepu,large,13,0.9288498943107394,PEPU3
ACPA314,ACPA,acpa,large,13,0.9005386722407804,ACPA3
cali3c,cali,cali,small,13,0.8393426118038176,cali3
cota1f,cota,cota,small,13,0.7979119493263351,cota1
EXCU38,EXCU,excu,large,13,0.8877914525354172,EXCU3
EUTE33,EUTE,eute,large,13,1.0009317087757146,EUTE3
EUSC29,EUSC,eusc,large,13,0.9299020627939399,EUSC2
ripi3f,ripi,ripi,small,13,0.8210780067359248,ripi3
pepu3f,pepu,pepu,small,13,0.8998472781404787,pepu3
ACPA35,ACPA,acpa,large,13,0.9248791243716292,ACPA3
MEDE310,MEDE,mede,large,13,0.9705843432655944,MEDE3
ANBA19,ANBA,anba,large,13,0.8588821568319402,ANBA1
anba2c,anba,anba,small,13,0.681604092641033,anba2
isan1a,isan,isan,small,13,0.913516237136478,isan1
eusc3b,eusc,eusc,small,13,0.6974601517573356,eusc3
olst4c,olst,olst,small,13,0.7964109779650356,olst4
leer4b,leer,leer,small,13,1.0361238002441098,leer4
acel2h,acel,acel,small,13,0.9471895656044769,acel2
eusc3e,eusc,eusc,small,13,0.890742210895898,eusc3
hase2c,hase,hase,small,13,0.8859602277075131,hase2
PELI110,PELI,peli,large,13,0.9665336189818768,PELI1
EUTE314,EUTE,eute,large,13,0.9717340492813403,EUTE3
eusc1i,eusc,eusc,small,13,0.8421026541554848,eusc1
PEPU37,PEPU,pepu,large,13,0.9357420311365512,PEPU3
peli1b,peli,peli,small,13,0.8815022293115337,peli1
eute3k,eute,eute,small,13,0.757316090576077,eute3
EUSC32,EUSC,eusc,large,13,0.8564601770260583,EUSC3
penu2a,penu,penu,small,13,0.6470643467308573,penu2
PEPU12,PEPU,pepu,large,13,0.8629951915240005,PEPU1
penu5a,penu,penu,small,13,0.8412093091505901,penu5
ripi3a,ripi,ripi,small,13,0.8930063607763,ripi3
ACPA48,ACPA,acpa,large,13,0.940071586814642,ACPA4
leer7b,leer,leer,small,13,0.8747624534337067,leer7
anba3j,anba,anba,small,13,0.8074252176337899,anba3
peli2h,peli,peli,small,13,0.836784551147704,peli2
MEDE24,MEDE,mede,large,13,0.852462664094262,MEDE2
isan2f,isan,isan,small,13,0.8709640102110393,isan2
cali1k,cali,cali,small,13,0.9548507752157691,cali1
alli2g,alli,alli,small,13,0.9253253195844241,alli2
olst4b,olst,olst,small,13,0.8356905247701691,olst4
EXCU312,EXCU,excu,large,13,0.8894978207767062,EXCU3
peli1d,peli,peli,small,13,0.9001221533274522,peli1
EXCU24,EXCU,excu,large,13,0.9279627703185339,EXCU2
peli3f,peli,peli,small,13,0.8904880135926194,peli3
MEDE36,MEDE,mede,large,13,0.9710762099879496,MEDE3
EUTE35,EUTE,eute,large,13,1.0328014874573705,EUTE3
baae2g,baae,baae,small,13,0.6376536339180777,baae2
LEPA44,LEPA,lepa,large,13,0.9207732625417281,LEPA4
BAAE37,BAAE,baae,large,13,0.9969140533130222,BAAE3
lepa2b,lepa,lepa,small,13,0.9210875286527789,lepa2
acpa4a,acpa,acpa,small,13,0.9135528031593902,acpa4
EXCU31,EXCU,excu,large,13,0.9947734922734457,EXCU3
alli3b,alli,alli,small,13,0.9855251679519109,alli3
eusc2b,eusc,eusc,small,13,1.0180325858957455,eusc2
PELI32,PELI,peli,large,13,0.9101316797510318,PELI3
ripi2a,ripi,ripi,small,13,0.9358651398039048,ripi2
EUTE13,EUTE,eute,large,13,0.9047934951276426,EUTE1
isan3f,isan,isan,small,13,0.9224301886794173,isan3
cota5c,cota,cota,small,13,0.7066187003982336,cota5
alli1e,alli,alli,small,13,0.9097662979810506,alli1
baae3j,baae,baae,small,13,0.9546815394916901,baae3
basp1j,basp,basp,small,13,0.6823848124396251,basp1
BAAE19,BAAE,baae,large,13,0.8460678360062684,BAAE1
cali3g,cali,cali,small,13,0.8390453979691382,cali3
anba1f,anba,anba,small,13,0.809768039799181,anba1
olst1k,olst,olst,small,13,0.7567142860760859,olst1
eute3l,eute,eute,small,13,0.5545291659290152,eute3
baae3k,baae,baae,small,13,0.7780808967410219,baae3
acpa4j,acpa,acpa,small,13,0.9568180971501872,acpa4
lepa3l,lepa,lepa,small,13,0.9785013354951593,lepa3
olst1h,olst,olst,small,13,0.7359036725647067,olst1
cota6d,cota,cota,small,13,0.7115376908656326,cota6
baae2i,baae,baae,small,13,0.7820216441665041,baae2
ACPA111,ACPA,acpa,large,13,0.9723187040787468,ACPA1
anba1c,anba,anba,small,13,0.8885666419902434,anba1
excu1c,excu,excu,small,13,0.9785762716431788,excu1
ALLI14,ALLI,alli,large,13,0.9359098438864003,ALLI1
cota1h,cota,cota,small,13,0.9437676521901183,cota1
anba2l,anba,anba,small,13,0.9986126863812845,anba2
mede2f,mede,mede,small,13,0.8838730175063987,mede2
basp2i,basp,basp,small,13,0.8975770530719287,basp2
excu1k,excu,excu,small,13,0.9415114507847964,excu1
ALLI15,ALLI,alli,large,13,0.9353469032253819,ALLI1
BAAE312,BAAE,baae,large,13,1.0002041339657295,BAAE3
ripi2f,ripi,ripi,small,13,0.8990069542999124,ripi2
penu2k,penu,penu,small,13,0.8504201052410376,penu2
PELI312,PELI,peli,large,13,0.8603379450322804,PELI3
cota5a,cota,cota,small,13,0.8500607443736341,cota5
JASC33,JASC,jasc,large,13,0.9710898744773421,JASC3
PEPU25,PEPU,pepu,large,13,0.9272472588731232,PEPU2
EXCU32,EXCU,excu,large,13,0.9756235279766692,EXCU3
ACPA41,ACPA,acpa,large,25,0.7818855125369201,ACPA4
cali2g,cali,cali,small,25,0.7310924187272374,cali2
excu2i,excu,excu,small,25,0.16303395277451052,excu2
BAAE38,BAAE,baae,large,25,0.706708500155614,BAAE3
eusc3i,eusc,eusc,small,25,0.4812745965006105,eusc3
BAAE211,BAAE,baae,large,25,0.6516790777406913,BAAE2
MEDE112,MEDE,mede,large,25,0.6609882755774774,MEDE1
PELI12,PELI,peli,large,25,0.8561659979216528,PELI1
peli2i,peli,peli,small,25,0.5676245494633821,peli2
cota1a,cota,cota,small,25,0.16392148807912627,cota1
mede1a,mede,mede,small,25,0.36803318488012593,mede1
acpa4b,acpa,acpa,small,25,0.7926203462663882,acpa4
basp2j,basp,basp,small,25,0.3138096577147267,basp2
cali3l,cali,cali,small,25,0.643309224177415,cali3
eute1k,eute,eute,small,25,0.21562774420492,eute1
PEPU210,PEPU,pepu,large,25,0.6141583383778746,PEPU2
lepa3i,lepa,lepa,small,25,0.7495118392523685,lepa3
LEPA23,LEPA,lepa,large,25,0.7646093954834803,LEPA2
acel1b,acel,acel,small,25,0.8342656103325105,acel1
penu3c,penu,penu,small,25,0.09781805515906213,penu3
JASC36,JASC,jasc,large,25,0.8256842681121656,JASC3
pepu1e,pepu,pepu,small,25,0.6031155005701955,pepu1
eusc3c,eusc,eusc,small,25,0.5000223034952617,eusc3
excu3g,excu,excu,small,25,0.3629807646371679,excu3
eute1a,eute,eute,small,25,0.3054531287559242,eute1
PELI14,PELI,peli,large,25,0.7137055551781701,PELI1
anba3a,anba,anba,small,25,0.2219497291122774,anba3
lepa3e,lepa,lepa,small,25,0.5484302131538721,lepa3
ACPA412,ACPA,acpa,large,25,0.7878675684193256,ACPA4
olst2d,olst,olst,small,25,0.390978703356677,olst2
lepa1b,lepa,lepa,small,25,0.4639926993666499,lepa1
EXCU29,EXCU,excu,large,25,0.6071925965350837,EXCU2
acel5l,acel,acel,small,25,0.6134344344573808,acel5
ACPA415,ACPA,acpa,large,25,0.7848741857012896,ACPA4
jasc1d,jasc,jasc,small,25,0.4288521765479591,jasc1
ANBA27,ANBA,anba,large,25,0.4959236501170689,ANBA2
acpa3k,acpa,acpa,small,25,0.7012917492987822,acpa3
isan5k,isan,isan,small,25,0.5075944258761055,isan5
EUSC22,EUSC,eusc,large,25,0.574414141601801,EUSC2
ALLI214,ALLI,alli,large,25,0.5953746084627708,ALLI2
ripi2l,ripi,ripi,small,25,0.359016522529617,ripi2
LEPA311,LEPA,lepa,large,25,0.40312319738848706,LEPA3
PEPU34,PEPU,pepu,large,25,0.4247390027668278,PEPU3
penu2j,penu,penu,small,25,0.1390292658978367,penu2
anba2i,anba,anba,small,25,0.8606467869640566,anba2
ALLI24,ALLI,alli,large,25,0.6822932880031417,ALLI2
pepu2f,pepu,pepu,small,25,0.7521026428560657,pepu2
PELI23,PELI,peli,large,25,0.5645944518762772,PELI2
mede1e,mede,mede,small,25,0.5518171720769359,mede1
acel5h,acel,acel,small,25,0.42256937465882144,acel5
cota1g,cota,cota,small,25,0.5343906343302439,cota1
MEDE34,MEDE,mede,large,25,0.7761766067144739,MEDE3
EUSC35,EUSC,eusc,large,25,0.543892423166307,EUSC3
LEPA14,LEPA,lepa,large,25,0.6528606164658555,LEPA1
ANBA39,ANBA,anba,large,25,0.65146858166892,ANBA3
excu2l,excu,excu,small,25,0.7217053453955228,excu2
JASC34,JASC,jasc,large,25,0.5081572904362395,JASC3
jasc2c,jasc,jasc,small,25,0.6225273822810105,jasc2
ripi3g,ripi,ripi,small,25,0.5030901449041039,ripi3
ripi3l,ripi,ripi,small,25,0.6389487512646258,ripi3
isan3b,isan,isan,small,25,0.48959756168369073,isan3
acpa1d,acpa,acpa,small,25,0.7551036279024596,acpa1
acel5e,acel,acel,small,25,0.7602941579159878,acel5
PEPU21,PEPU,pepu,large,25,0.6331669130575907,PEPU2
leer10d,leer,leer,small,25,0.12677474486352358,leer10
EUSC13,EUSC,eusc,large,25,0.5374642835872752,EUSC1
pepu3l,pepu,pepu,small,25,0.5173011033248093,pepu3
olst3a,olst,olst,small,25,0.6883100830817079,olst3
ANBA211,ANBA,anba,large,25,0.48069241074512525,ANBA2
lepa1g,lepa,lepa,small,25,0.3314739424851788,lepa1
PEPU13,PEPU,pepu,large,25,0.6438741419056556,PEPU1
jasc2a,jasc,jasc,small,25,0.5507335806223516,jasc2
mede2i,mede,mede,small,25,0.47969812771791953,mede2
EUTE14,EUTE,eute,large,25,0.6425908727798166,EUTE1
leer6a,leer,leer,small,25,0.6239200979656577,leer6
alli2c,alli,alli,small,25,0.7598707896444772,alli2
basp2f,basp,basp,small,25,0.6140791035671541,basp2
eute1g,eute,eute,small,25,0.39219887384085783,eute1
cota5d,cota,cota,small,25,0.33473457025166925,cota5
EXCU23,EXCU,excu,large,25,0.8018894202764084,EXCU2
EUSC110,EUSC,eusc,large,25,0.6572803689647224,EUSC1
JASC111,JASC,jasc,large,25,0.699091897281436,JASC1
ANBA111,ANBA,anba,large,25,0.40867559370462836,ANBA1
EUSC15,EUSC,eusc,large,25,0.4830331821921717,EUSC1
MEDE313,MEDE,mede,large,25,0.674160558732655,MEDE3
ripi1g,ripi,ripi,small,25,0.47621436149455354,ripi1
EUTE310,EUTE,eute,large,25,0.6854467462810493,EUTE3
eusc2f,eusc,eusc,small,25,0.48967340069826776,eusc2
excu1b,excu,excu,small,25,0.9079881395338975,excu1
leer1a,leer,leer,small,25,0.7519108883509004,leer1
cota2c,cota,cota,small,25,0.4942565138872304,cota2
baae3d,baae,baae,small,25,0.5515958768515342,baae3
isan3e,isan,isan,small,25,0.6412098989471905,isan3
excu3a,excu,excu,small,25,0.7705142378605522,excu3
EUTE25,EUTE,eute,large,25,0.8792955802121923,EUTE2
ACPA31,ACPA,acpa,large,25,0.8694753595702207,ACPA3
alli1d,alli,alli,small,25,0.6954453110276754,alli1
penu1a,penu,penu,small,25,0.52759414270859,penu1
acel1f,acel,acel,small,25,0.7407308163399215,acel1
olst2e,olst,olst,small,25,0.5805919266661445,olst2
BAAE31,BAAE,baae,large,25,0.8398081447780168,BAAE3
anba3i,anba,anba,small,25,0.4925102462738524,anba3
ALLI112,ALLI,alli,large,25,0.8081056117507811,ALLI1
penu4c,penu,penu,small,25,0.5591909255774896,penu4
cota6b,cota,cota,small,25,0.41680891199606895,cota6
alli1j,alli,alli,small,25,0.7204774334511045,alli1
isan3a,isan,isan,small,25,0.6493162187821739,isan3
LEPA38,LEPA,lepa,large,25,0.7254137500944929,LEPA3
peli1a,peli,peli,small,25,0.6753051609591753,peli1
ripi3j,ripi,ripi,small,25,0.608928312689042,ripi3
LEPA28,LEPA,lepa,large,25,0.707607092282893,LEPA2
BAAE23,BAAE,baae,large,25,0.7258161715880084,BAAE2
leer7e,leer,leer,small,25,0.8344810514908064,leer7
jasc2g,jasc,jasc,small,25,0.613292217516596,jasc2
EXCU33,EXCU,excu,large,25,0.771736977544814,EXCU3
olst2g,olst,olst,small,25,0.5358116671324398,olst2
eute2d,eute,eute,small,25,0.4584654619923888,eute2
jasc2h,jasc,jasc,small,25,0.7326759447069552,jasc2
isan5j,isan,isan,small,25,0.7846806138366244,isan5
baae2f,baae,baae,small,25,0.5881995388836029,baae2
ALLI34,ALLI,alli,large,25,0.9261530365302831,ALLI3
eute2e,eute,eute,small,25,0.5922111897862449,eute2
hase3c,hase,hase,small,25,0.489874263145014,hase3
mede3j,mede,mede,small,25,0.676643363130697,mede3
cota4a,cota,cota,small,25,0.5790855101023141,cota4
basp3g,basp,basp,small,25,0.5656047288287782,basp3
eusc2e,eusc,eusc,small,25,0.6814627836299256,eusc2
JASC35,JASC,jasc,large,25,0.8917870507844982,JASC3
excu3c,excu,excu,small,25,0.7468228099791079,excu3
ACPA19,ACPA,acpa,large,25,0.8415842056845232,ACPA1
EUTE313,EUTE,eute,large,25,0.7743669179541725,EUTE3
pepu2b,pepu,pepu,small,25,0.5160397117218991,pepu2
LEPA24,LEPA,lepa,large,25,0.7171764463881345,LEPA2
eute1d,eute,eute,small,25,0.5193998609253715,eute1
EXCU25,EXCU,excu,large,25,0.8256421057940689,EXCU2
mede2l,mede,mede,small,25,0.6252163097543006,mede2
isan1b,isan,isan,small,25,0.555941987363588,isan1
JASC13,JASC,jasc,large,25,0.7801660112383263,JASC1
hase1d,hase,hase,small,25,0.4623489647569399,hase1
MEDE14,MEDE,mede,large,25,0.7438392928533851,MEDE1
baae3f,baae,baae,small,25,0.6652696423164353,baae3
eusc2g,eusc,eusc,small,25,0.3008971097657493,eusc2
hase1e,hase,hase,small,25,0.4871818917790277,hase1
anba3l,anba,anba,small,25,0.4773704045350468,anba3
leer10a,leer,leer,small,25,0.5378382434749747,leer10
ANBA310,ANBA,anba,large,25,0.44825670534810197,ANBA3
acpa4h,acpa,acpa,small,25,0.9211329859671563,acpa4
olst2c,olst,olst,small,25,0.3869270745673821,olst2
acpa4l,acpa,acpa,small,25,0.8757046491051801,acpa4
penu2c,penu,penu,small,25,0.7479891500478284,penu2
anba2e,anba,anba,small,25,0.6577695538191818,anba2
mede3a,mede,mede,small,25,0.7065306183401945,mede3
alli3g,alli,alli,small,25,0.8349463225289185,alli3
basp3f,basp,basp,small,25,0.5855150427240737,basp3
peli2d,peli,peli,small,25,0.4661539508676707,peli2
acel1e,acel,acel,small,25,0.8499370457227143,acel1
peli2l,peli,peli,small,25,0.6968321924205403,peli2
cali3i,cali,cali,small,25,0.7180496078919549,cali3
cali2d,cali,cali,small,25,0.8203759298405834,cali2
leer7d,leer,leer,small,25,0.8311868440964649,leer7
baae1a,baae,baae,small,25,0.7323828192875339,baae1
ACPA113,ACPA,acpa,large,25,0.9271864659383192,ACPA1
lepa1h,lepa,lepa,small,25,0.6889079235964652,lepa1
ALLI31,ALLI,alli,large,25,0.9387978755220268,ALLI3
hase1f,hase,hase,small,25,0.8389293404403998,hase1
EUSC38,EUSC,eusc,large,25,0.6344564327175705,EUSC3
olst1b,olst,olst,small,25,0.669018795719387,olst1
alli3l,alli,alli,small,25,0.9360947170945484,alli3
PEPU19,PEPU,pepu,large,25,0.6858779363054744,PEPU1
anba2d,anba,anba,small,25,0.8064772234901462,anba2
pepu2e,pepu,pepu,small,25,0.6229543665489011,pepu2
pepu3e,pepu,pepu,small,25,0.8539514867077355,pepu3
ripi2k,ripi,ripi,small,25,0.5981617558900073,ripi2
PELI22,PELI,peli,large,25,0.5339083037341688,PELI2
EUTE22,EUTE,eute,large,25,0.8542262157643435,EUTE2
penu3e,penu,penu,small,25,0.5220559193844554,penu3
lepa3b,lepa,lepa,small,25,0.7515229767042089,lepa3
EUTE110,EUTE,eute,large,25,0.841949278737277,EUTE1
PEPU311,PEPU,pepu,large,25,0.5839774785511767,PEPU3
JASC24,JASC,jasc,large,25,0.7648909880152789,JASC2
ANBA11,ANBA,anba,large,25,0.5903779691316297,ANBA1
baae2m,baae,baae,small,25,0.561965809764835,baae2
BAAE16,BAAE,baae,large,25,0.6482785992580719,BAAE1
MEDE31,MEDE,mede,large,25,0.8747235313216388,MEDE3
peli3d,peli,peli,small,25,0.6734906665788355,peli3
BAAE12,BAAE,baae,large,25,0.6591891165351239,BAAE1
cali1a,cali,cali,small,25,0.853207933368,cali1
PELI15,PELI,peli,large,25,0.8769735452543744,PELI1
ALLI27,ALLI,alli,large,25,0.7879731388191316,ALLI2
EXCU35,EXCU,excu,large,25,0.6508851381465592,EXCU3
alli2j,alli,alli,small,25,0.47141313412297475,alli2
hase1k,hase,hase,small,25,0.8576756619349437,hase1
acpa1b,acpa,acpa,small,25,0.777438139292307,acpa1
hase2d,hase,hase,small,25,0.7763479178672248,hase2
basp3z,basp,basp,small,25,0.9480519895620311,basp3
peli1f,peli,peli,small,25,0.7601292950459745,peli1
cali2e,cali,cali,small,25,0.8925405003039585,cali2
baae2h,baae,baae,small,25,0.683625992037672,baae2
basp1i,basp,basp,small,25,0.8547108860045741,basp1
MEDE316,MEDE,mede,large,25,0.7395538204761468,MEDE3
jasc3f,jasc,jasc,small,25,0.7823612759029687,jasc3
eusc3h,eusc,eusc,small,25,0.8294932514863568,eusc3
EXCU11,EXCU,excu,large,25,0.7346641229704054,EXCU1
PELI13,PELI,peli,large,25,0.8561812603068684,PELI1
cali2j,cali,cali,small,37,0.5722543135751653,cali2
eute2k,eute,eute,small,37,0.41765918058283175,eute2
basp1c,basp,basp,small,37,0.7008130440915398,basp1
baae2q,baae,baae,small,37,0.1232785206783804,baae2
basp1f,basp,basp,small,37,0.5296167095849869,basp1
acpa3i,acpa,acpa,small,37,0.7422714660275852,acpa3
EUTE16,EUTE,eute,large,37,0.6391198149842695,EUTE1
olst2b,olst,olst,small,37,0.4246415364259047,olst2
ANBA213,ANBA,anba,large,37,0.1859467247687993,ANBA2
pepu1a,pepu,pepu,small,37,0.38878990842769307,pepu1
eute2a,eute,eute,small,37,0.05392464852702355,eute2
peli3c,peli,peli,small,37,0.14997487282596994,peli3
anba3e,anba,anba,small,37,0.0383993730497804,anba3
acpa3e,acpa,acpa,small,37,0.358986726625989,acpa3
BAAE214,BAAE,baae,large,37,0.12654130320994308,BAAE2
ripi1j,ripi,ripi,small,37,0,ripi1
alli1a,alli,alli,small,37,0.6087695147690353,alli1
cota3a,cota,cota,small,37,0.09747594661495368,cota3
BAAE28,BAAE,baae,large,37,0.05840201790419502,BAAE2
ANBA315,ANBA,anba,large,37,0.16006050505006533,ANBA3
mede3f,mede,mede,small,37,0.26575610559982304,mede3
BAAE25,BAAE,baae,large,37,0.16682658754344204,BAAE2
EXCU211,EXCU,excu,large,37,0.4790509895511021,EXCU2
cali1f,cali,cali,small,37,0.6863471443943222,cali1
eute2b,eute,eute,small,37,0.10035057292349986,eute2
acel2f,acel,acel,small,37,0.07141325770049949,acel2
cota4d,cota,cota,small,37,0.49678712821751914,cota4
PEPU26,PEPU,pepu,large,37,0.052001889071598514,PEPU2
PELI36,PELI,peli,large,37,0.6015335168635886,PELI3
JASC117,JASC,jasc,large,37,0.3066729062418328,JASC1
isan5i,isan,isan,small,37,0.07832645423476342,isan5
ANBA17,ANBA,anba,large,37,0.24828197786552592,ANBA1
acel5a,acel,acel,small,37,0.5505892448652179,acel5
acel5d,acel,acel,small,37,0.42860359934318315,acel5
mede1j,mede,mede,small,37,0.17185561495455223,mede1
JASC116,JASC,jasc,large,37,0.33315283384356115,JASC1
EUTE28,EUTE,eute,large,37,0.5729206013394144,EUTE2
cali2k,cali,cali,small,37,0.1441399615074208,cali2
pepu1b,pepu,pepu,small,37,0.40283521218794643,pepu1
anba2j,anba,anba,small,37,0.1113748401270321,anba2
PELI116,PELI,peli,large,37,0.4357306931801061,PELI1
jasc1g,jasc,jasc,small,37,0.2831695239579157,jasc1
anba2b,anba,anba,small,37,0.3955407037729856,anba2
isan5b,isan,isan,small,37,0.10857955351914184,isan5
olst1c,olst,olst,small,37,0.10589185215390588,olst1
isan5h,isan,isan,small,37,0.12833383755081446,isan5
EXCU12,EXCU,excu,large,37,0.31727658903893713,EXCU1
acel5f,acel,acel,small,37,0.6678009379141597,acel5
hase3i,hase,hase,small,37,0.16921091663058116,hase3
EUTE18,EUTE,eute,large,37,0.6786044785090178,EUTE1
ALLI22,ALLI,alli,large,37,0.46624537878751526,ALLI2
BAAE33,BAAE,baae,large,37,0.5850693809379796,BAAE3
LEPA26,LEPA,lepa,large,37,0.3640131581058904,LEPA2
BAAE314,BAAE,baae,large,37,0.41305799111525504,BAAE3
hase2f,hase,hase,small,37,0.028882134415999797,hase2
eusc3j,eusc,eusc,small,37,0.10660794935086322,eusc3
MEDE213,MEDE,mede,large,37,0.3820249548077253,MEDE2
peli3k,peli,peli,small,37,0.24895161209677982,peli3
EUTE113,EUTE,eute,large,37,0.764092804923523,EUTE1
olst3b,olst,olst,small,37,0.3368520167866714,olst3
alli2a,alli,alli,small,37,0.4029364948520996,alli2
cota2f,cota,cota,small,37,0.24040490414520702,cota2
cota5b,cota,cota,small,37,0.056123731908002086,cota5
PEPU36,PEPU,pepu,large,37,0.34179010862902215,PEPU3
JASC210,JASC,jasc,large,37,0.7049561203524272,JASC2
alli2f,alli,alli,small,37,0.5155366462339325,alli2
cali2i,cali,cali,small,37,0.19784810206866915,cali2
isan5c,isan,isan,small,37,0.5851262862714391,isan5
basp3a,basp,basp,small,37,0.502898985782828,basp3
EUSC25,EUSC,eusc,large,37,0.4967320608952131,EUSC2
basp2d,basp,basp,small,37,0.5694348199733654,basp2
alli1f,alli,alli,small,37,0.648781714910612,alli1
lepa3a,lepa,lepa,small,37,0.4841206765416302,lepa3
acel1c,acel,acel,small,37,0.6663490968657877,acel1
eute3e,eute,eute,small,37,0.4888968412196331,eute3
hase1g,hase,hase,small,37,0.2598922361226155,hase1
eusc3k,eusc,eusc,small,37,0.058767294142376726,eusc3
peli3b,peli,peli,small,37,0.17387054963718915,peli3
MEDE115,MEDE,mede,large,37,0.46849711050096593,MEDE1
olst1e,olst,olst,small,37,0.11173359380342206,olst1
isan1c,isan,isan,small,37,0.6420114113208745,isan1
leer7f,leer,leer,small,37,0.4363354488189368,leer7
excu3j,excu,excu,small,37,0.6755940890294213,excu3
ripi3b,ripi,ripi,small,37,0.2052474296945528,ripi3
LEPA32,LEPA,lepa,large,37,0.7097696895835717,LEPA3
lepa2g,lepa,lepa,small,37,0.39281036509067396,lepa2
penu2n,penu,penu,small,37,0.09823672484357175,penu2
baae3e,baae,baae,small,37,0.0762699109520413,baae3
ACPA410,ACPA,acpa,large,37,0.7835524461584696,ACPA4
EUSC116,EUSC,eusc,large,37,0.4683194965514643,EUSC1
ACPA39,ACPA,acpa,large,37,0.6193485810990074,ACPA3
EXCU212,EXCU,excu,large,37,0.5732508133763158,EXCU2
anba2f,anba,anba,small,37,0.1126435314877078,anba2
baae3a,baae,baae,small,37,0.2556912174624617,baae3
pepu2h,pepu,pepu,small,37,0.6958875898460506,pepu2
ripi2d,ripi,ripi,small,37,0.031044041450461437,ripi2
acpa1c,acpa,acpa,small,37,0.7149576246082804,acpa1
PELI33,PELI,peli,large,37,0.666309873420862,PELI3
hase2a,hase,hase,small,37,0.47952045658339226,hase2
basp1d,basp,basp,small,37,0.5235904912466962,basp1
ACPA33,ACPA,acpa,large,37,0.7417983490444477,ACPA3
ANBA24,ANBA,anba,large,37,0.26653713439897947,ANBA2
EXCU37,EXCU,excu,large,37,0.5178391219613385,EXCU3
EUTE17,EUTE,eute,large,37,0.7190753678470472,EUTE1
penu2d,penu,penu,small,37,0.5985020512225776,penu2
eusc2i,eusc,eusc,small,37,0.5204694663704411,eusc2
mede1k,mede,mede,small,37,0.6682755871808416,mede1
acpa4e,acpa,acpa,small,37,0.7476953118314198,acpa4
MEDE23,MEDE,mede,large,37,0.3865477335530998,MEDE2
jasc3d,jasc,jasc,small,37,0.31062744136659626,jasc3
peli3g,peli,peli,small,37,0.6164389454803811,peli3
ripi2b,ripi,ripi,small,37,0.39745988467659366,ripi2
peli2e,peli,peli,small,37,0.5104683932791462,peli2
ANBA16,ANBA,anba,large,37,0.28099627236370395,ANBA1
LEPA11,LEPA,lepa,large,37,0.6187802961025616,LEPA1
JASC114,JASC,jasc,large,37,0.552681150528763,JASC1
ripi1f,ripi,ripi,small,37,0.16423869777494124,ripi1
leer6b,leer,leer,small,37,0.8248562339473836,leer6
isan1f,isan,isan,small,37,0.4998930551468843,isan1
excu3e,excu,excu,small,37,0.5138064323418414,excu3
EUTE15,EUTE,eute,large,37,0.806185987727879,EUTE1
mede3b,mede,mede,small,37,0.6512163077244134,mede3
baae2o,baae,baae,small,37,0.39859176967201415,baae2
EUSC216,EUSC,eusc,large,37,0.5347035949328404,EUSC2
ALLI37,ALLI,alli,large,37,0.7519362593043797,ALLI3
excu3i,excu,excu,small,37,0.6099921463999752,excu3
eusc1h,eusc,eusc,small,37,0.5221592720444318,eusc1
ACPA313,ACPA,acpa,large,37,0.7214031776474343,ACPA3
penu2m,penu,penu,small,37,0.3246245859158749,penu2
ACPA14,ACPA,acpa,large,37,0.7717070350950525,ACPA1
hase1c,hase,hase,small,37,0.36998525020481426,hase1
eusc3d,eusc,eusc,small,37,0.5927816290583429,eusc3
EUSC39,EUSC,eusc,large,37,0.4619050112141205,EUSC3
hase2b,hase,hase,small,37,0,hase2
anba3g,anba,anba,small,37,0.24155581376000096,anba3
EXCU15,EXCU,excu,large,37,0.4710651008505427,EXCU1
BAAE215,BAAE,baae,large,37,0.3448600729069349,BAAE2
basp2m,basp,basp,small,37,0.38495700255599175,basp2
EXCU34,EXCU,excu,large,37,0.43705361309417606,EXCU3
cota6c,cota,cota,small,37,0.5719711845718151,cota6
MEDE314,MEDE,mede,large,37,0.434165118527685,MEDE3
PELI114,PELI,peli,large,37,0.5606513270895586,PELI1
pepu2i,pepu,pepu,small,37,0.6764636047163926,pepu2
PELI118,PELI,peli,large,37,0.6415127654788171,PELI1
LEPA41,LEPA,lepa,large,37,0.7602007610965836,LEPA4
anba3f,anba,anba,small,37,0.3138005544272319,anba3
leer10e,leer,leer,small,37,0.7852647694622493,leer10
JASC219,JASC,jasc,large,37,0.744841311147557,JASC2
acel5i,acel,acel,small,37,0.3330431426977352,acel5
lepa1f,lepa,lepa,small,37,0.41663500764633576,lepa1
ALLI17,ALLI,alli,large,37,0.8349016414361119,ALLI1
EUSC36,EUSC,eusc,large,37,0.6257955321287306,EUSC3
MEDE39,MEDE,mede,large,37,0.8197533245790107,MEDE3
PELI38,PELI,peli,large,37,0.730349246227417,PELI3
ALLI111,ALLI,alli,large,37,0.6317097087072531,ALLI1
lepa2d,lepa,lepa,small,37,0.8315013424445279,lepa2
penu2g,penu,penu,small,37,0.5542203395723565,penu2
eute1e,eute,eute,small,37,0,eute1
alli1i,alli,alli,small,37,0.7489690187274628,alli1
jasc3g,jasc,jasc,small,37,0.060995144160711216,jasc3
ACPA49,ACPA,acpa,large,37,0.82246056208921825,ACPA4
excu2j,excu,excu,small,37,0.30953240587376823,excu2
cali1e,cali,cali,small,37,0.5143349328873743,cali1
PEPU22,PEPU,pepu,large,37,0.44179236096764524,PEPU2
mede1l,mede,mede,small,37,0.7770453542558929,mede1
JASC311,JASC,jasc,large,37,0.569428629121368,JASC3
baae3l,baae,baae,small,37,0.41748400737567337,baae3
jasc2j,jasc,jasc,small,37,0.5650462669028314,jasc2
jasc3a,jasc,jasc,small,37,0.567241959344574,jasc3
acpa1j,acpa,acpa,small,37,0.4567279738498272,acpa1
eute1l,eute,eute,small,37,0.09821974465942507,eute1
PEPU211,PEPU,pepu,large,37,0.592519214721083,PEPU2
penu2b,penu,penu,small,37,0.7678161545582064,penu2
ripi2j,ripi,ripi,small,37,0.14277696973007273,ripi2
LEPA17,LEPA,lepa,large,37,0.760081810515528,LEPA1
leer10b,leer,leer,small,37,0.6458244094057124,leer10
mede1i,mede,mede,small,37,0.4123024204586862,mede1
pepu1h,pepu,pepu,small,37,0.288544515681773,pepu1
LEPA21,LEPA,lepa,large,37,0.7392042853816517,LEPA2
leer8c,leer,leer,small,37,0.7441419166064145,leer8
acpa4d,acpa,acpa,small,37,0.678036772521173,acpa4
jasc1j,jasc,jasc,small,37,0.48939479983647566,jasc1
olst4g,olst,olst,small,37,0.6010184650014888,olst4
peli1e,peli,peli,small,37,0.632520818302851,peli1
leer1e,leer,leer,small,37,0.8028196070167174,leer1
excu2c,excu,excu,small,37,0.371244457976143,excu2
PEPU113,PEPU,pepu,large,37,0.5934783337524857,PEPU1
eusc2j,eusc,eusc,small,37,0.3038062187861223,eusc2
penu5b,penu,penu,small,37,0.18709771570073902,penu5
lepa3g,lepa,lepa,small,37,0.7531282216856122,lepa3
ANBA12,ANBA,anba,large,37,0.38988476419421164,ANBA1
pepu2l,pepu,pepu,small,37,0.4359749797317004,pepu2
PEPU17,PEPU,pepu,large,37,0.5669042720685752,PEPU1
ALLI11,ALLI,alli,large,37,0.6859958591762013,ALLI1
cali2f,cali,cali,small,37,0.7972046079990163,cali2
alli3f,alli,alli,small,37,0.9098916943981057,alli3
MEDE32,MEDE,mede,large,37,0.7373853205528459,MEDE3
lepa3c,lepa,lepa,small,37,0.538811564564427,lepa3
olst4a,olst,olst,small,37,0.43481302232536917,olst4
excu3h,excu,excu,small,37,0.7935522800605288,excu3
cota1d,cota,cota,small,37,0.012222216216426083,cota1
ripi1b,ripi,ripi,small,59,0,ripi1
basp3c,basp,basp,small,59,0.4016895471545861,basp3
eusc3g,eusc,eusc,small,59,0.04229869308673798,eusc3
baae2n,baae,baae,small,59,0.5899095617869566,baae2
PEPU14,PEPU,pepu,large,59,0.14086350567436717,PEPU1
mede1c,mede,mede,small,59,0.2755989243257424,mede1
olst2j,olst,olst,small,59,0,olst2
acpa4k,acpa,acpa,small,59,0.4991147370739229,acpa4
penu1c,penu,penu,small,59,0,penu1
BAAE32,BAAE,baae,large,59,0.3347568091608418,BAAE3
acel2c,acel,acel,small,59,0,acel2
alli1c,alli,alli,small,59,0.4010330377756722,alli1
EUTE27,EUTE,eute,large,59,0.5324131813274886,EUTE2
leer9b,leer,leer,small,59,0.26675564698054,leer9
acel5k,acel,acel,small,59,0.2685788835056235,acel5
alli2h,alli,alli,small,59,0.34852397399679974,alli2
ANBA114,ANBA,anba,large,59,0,ANBA1
EUTE318,EUTE,eute,large,59,0.6388995321873329,EUTE3
peli1c,peli,peli,small,59,0,peli1
leer1c,leer,leer,small,59,0,leer1
pepu3j,pepu,pepu,small,59,0,pepu3
basp3h,basp,basp,small,59,0,basp3
lepa1c,lepa,lepa,small,59,0.4082006891988612,lepa1
mede1b,mede,mede,small,59,0.31639249912204,mede1
acpa4f,acpa,acpa,small,59,0.4986997849297664,acpa4
leer10c,leer,leer,small,59,0,leer10
eute3j,eute,eute,small,59,0.16740690196973262,eute3
jasc1a,jasc,jasc,small,59,0.2469661175333738,jasc1
acel2g,acel,acel,small,59,0,acel2
jasc3b,jasc,jasc,small,59,0.19015967683682983,jasc3
MEDE214,MEDE,mede,large,59,0.43364057570279346,MEDE2
cota6e,cota,cota,small,59,0,cota6
LEPA46,LEPA,lepa,large,59,0,LEPA4
baae2d,baae,baae,small,59,0,baae2
leer8e,leer,leer,small,59,0,leer8
pepu3i,pepu,pepu,small,59,0,pepu3
lepa3h,lepa,lepa,small,59,0,lepa3
lepa3f,lepa,lepa,small,59,0,lepa3
alli2e,alli,alli,small,59,0.19429907958009737,alli2
ANBA25,ANBA,anba,large,59,0.17921787951231447,ANBA2
acel1k,acel,acel,small,59,0.31344042547447853,acel1
EUTE37,EUTE,eute,large,59,0.6953444205856962,EUTE3
PEPU15,PEPU,pepu,large,59,0,PEPU1
eute1c,eute,eute,small,59,0,eute1
ANBA29,ANBA,anba,large,59,0,ANBA2
EXCU21,EXCU,excu,large,59,0.1324096077403937,EXCU2
acpa4g,acpa,acpa,small,59,0.4141718111899209,acpa4
JASC211,JASC,jasc,large,59,0.41187941083644863,JASC2
cota2a,cota,cota,small,59,0,cota2
ALLI313,ALLI,alli,large,59,0.2548909084211612,ALLI3
penu5d,penu,penu,small,59,0,penu5
ANBA210,ANBA,anba,large,59,0,ANBA2
ACPA110,ACPA,acpa,large,59,0.3829417154462905,ACPA1
ALLI16,ALLI,alli,large,59,0.27165682641156863,ALLI1
pepu1k,pepu,pepu,small,59,0.32853279355956794,pepu1
acpa1g,acpa,acpa,small,59,0.2429335327389854,acpa1
cota6a,cota,cota,small,59,0,cota6
LEPA27,LEPA,lepa,large,59,0.5441034477465977,LEPA2
ALLI213,ALLI,alli,large,59,0.16066712716343517,ALLI2
MEDE33,MEDE,mede,large,59,0.4141419671648642,MEDE3
eute1h,eute,eute,small,59,0.0790894845063012,eute1
EUSC28,EUSC,eusc,large,59,0.4176889505384731,EUSC2
ripi2e,ripi,ripi,small,59,0,ripi2
anba3h,anba,anba,small,59,0.1668786248399677,anba3
EUTE317,EUTE,eute,large,59,0.6353126436380458,EUTE3
baae1e,baae,baae,small,59,0.4752573208318429,baae1
lepa1l,lepa,lepa,small,59,0.5874034890853522,lepa1
anba1e,anba,anba,small,59,0.07904908109630678,anba1
excu1f,excu,excu,small,59,0.333496201764945,excu1
cali3e,cali,cali,small,59,0.39556193953752056,cali3
basp3j,basp,basp,small,59,0.18984638734854695,basp3
ALLI312,ALLI,alli,large,59,0.49315977144675915,ALLI3
lepa2e,lepa,lepa,small,59,0.6925889918936744,lepa2
leer3a,leer,leer,small,59,0.407043880985716,leer3
cota2e,cota,cota,small,59,0.39937715211548797,cota2
PEPU11,PEPU,pepu,large,59,0.5098501142980272,PEPU1
MEDE215,MEDE,mede,large,59,0.44507482047940145,MEDE2
peli1k,peli,peli,small,59,0.3826315105728109,peli1
pepu3a,pepu,pepu,small,59,0.6682538453005242,pepu3
hase1i,hase,hase,small,59,0.17217463324933757,hase1
cota5e,cota,cota,small,59,0.3441218804148151,cota5
basp1a,basp,basp,small,59,0.437642697902318,basp1
ripi3k,ripi,ripi,small,59,0.045514407351311695,ripi3
EXCU311,EXCU,excu,large,59,0.37729986804510357,EXCU3
PELI31,PELI,peli,large,59,0.556811315355899,PELI3
hase3l,hase,hase,small,59,0.091528463630312,hase3
ACPA13,ACPA,acpa,large,59,0.49234160995161036,ACPA1
acel5c,acel,acel,small,59,0.23630694302879526,acel5
BAAE216,BAAE,baae,large,59,0,BAAE2
olst4i,olst,olst,small,59,0.2383760130967851,olst4
eute2j,eute,eute,small,59,0,eute2
mede2e,mede,mede,small,59,0.43833875584990734,mede2
cali2b,cali,cali,small,59,0.2011136870202445,cali2
JASC25,JASC,jasc,large,59,0.42988163078894026,JASC2
peli3i,peli,peli,small,59,0.022363561861461788,peli3
MEDE312,MEDE,mede,large,59,0.2674187111412031,MEDE3
basp3k,basp,basp,small,59,0.26780200753853717,basp3
pepu1d,pepu,pepu,small,59,0.28207628043819094,pepu1
ACPA310,ACPA,acpa,large,59,0.3843056019517508,ACPA3
eusc3a,eusc,eusc,small,59,0,eusc3
peli2g,peli,peli,small,59,0.14465923343174367,peli2
peli2f,peli,peli,small,59,0.12388088424868984,peli2
isan4b,isan,isan,small,59,0,isan4
anba2k,anba,anba,small,59,0.41164734820620497,anba2
ripi3h,ripi,ripi,small,59,0.06504075899233215,ripi3
ACPA46,ACPA,acpa,large,59,0.48091921364671475,ACPA4
PEPU24,PEPU,pepu,large,59,0.3428336539289639,PEPU2
olst1d,olst,olst,small,59,0,olst1
JASC29,JASC,jasc,large,59,0.5004141383366802,JASC2
baae2a,baae,baae,small,59,0.5273929886298881,baae2
acpa4c,acpa,acpa,small,59,0.4431045873900873,acpa4
olst2h,olst,olst,small,59,0.36906696936349265,olst2
BAAE315,BAAE,baae,large,59,0.34974240953731806,BAAE3
eute3c,eute,eute,small,59,0,eute3
EUSC114,EUSC,eusc,large,59,0.2274757087241039,EUSC1
excu3k,excu,excu,small,59,0.014231606820024952,excu3
cali1l,cali,cali,small,59,0.2945062171751567,cali1
leer4a,leer,leer,small,59,0.6066965830661624,leer4
eute1j,eute,eute,small,59,0,eute1
ACPA116,ACPA,acpa,large,59,0.4759901396548905,ACPA1
PELI11,PELI,peli,large,59,0.2777071651412707,PELI1
EUSC312,EUSC,eusc,large,59,0.373361018793547,EUSC3
EXCU17,EXCU,excu,large,59,0.37710158367233426,EXCU1
excu1e,excu,excu,small,59,0.4642782122778568,excu1
hase2l,hase,hase,small,59,0,hase2
alli2d,alli,alli,small,59,0.41063752844105894,alli2
baae2l,baae,baae,small,59,0.14148465068442218,baae2
jasc3h,jasc,jasc,small,59,0.2714157106120129,jasc3
mede3i,mede,mede,small,59,0.3387753550617552,mede3
peli1j,peli,peli,small,59,0.3167768337129104,peli1
jasc1k,jasc,jasc,small,59,0.12108269796726394,jasc1
penu4d,penu,penu,small,59,0.16180446535096646,penu4
isan2e,isan,isan,small,59,0.7331288546894161,isan2
alli3c,alli,alli,small,59,0.5633687018078763,alli3
EUSC311,EUSC,eusc,large,59,0.5061872978706506,EUSC3
anba3b,anba,anba,small,59,0.2590394296822287,anba3
PELI24,PELI,peli,large,59,0.08809792634992634,PELI2
PEPU111,PEPU,pepu,large,59,0.27114165713963007,PEPU1
lepa2h,lepa,lepa,small,59,0.47765302988180286,lepa2
excu3d,excu,excu,small,59,0.40310501166177504,excu3
cali2a,cali,cali,small,59,0.8024262677035485,cali2
basp1h,basp,basp,small,59,0,basp1
isan3g,isan,isan,small,59,0.31216561738063175,isan3
EXCU18,EXCU,excu,large,59,0.3142344863053041,EXCU1
excu2b,excu,excu,small,59,0.3792533140223609,excu2
PELI113,PELI,peli,large,59,0.37970320022350335,PELI1
anba3d,anba,anba,small,59,0.03417300108565558,anba3
JASC37,JASC,jasc,large,59,0.5006257905447555,JASC3
acpa4i,acpa,acpa,small,59,0.5139176206567908,acpa4
penu3b,penu,penu,small,59,0,penu3
EXCU310,EXCU,excu,large,59,0.19806001885950697,EXCU3
ALLI115,ALLI,alli,large,59,0.23085998192243504,ALLI1
olst2a,olst,olst,small,59,0,olst2
EUSC16,EUSC,eusc,large,59,0.2611771984876922,EUSC1
LEPA43,LEPA,lepa,large,59,0.33162979505939244,LEPA4
pepu1l,pepu,pepu,small,59,0.041297092184058075,pepu1
LEPA36,LEPA,lepa,large,59,0.7502350978652879,LEPA3
PELI115,PELI,peli,large,59,0.3171378427227834,PELI1
penu2f,penu,penu,small,59,0.6912221163388413,penu2
eusc2a,eusc,eusc,small,59,0,eusc2
EXCU19,EXCU,excu,large,59,0.30024329283312784,EXCU1
cali3d,cali,cali,small,59,0.7459944756638875,cali3
excu1i,excu,excu,small,59,0.41865464635613925,excu1
BAAE36,BAAE,baae,large,59,0,BAAE3
ALLI33,ALLI,alli,large,59,0.5330335385690259,ALLI3
PEPU310,PEPU,pepu,large,59,0.4270097722100536,PEPU3
hase1b,hase,hase,small,59,0,hase1
eusc2k,eusc,eusc,small,59,0,eusc2
BAAE111,BAAE,baae,large,59,0.28786098568744983,BAAE1
mede2g,mede,mede,small,59,0.19045396192417516,mede2
hase3g,hase,hase,small,59,0.05356208858595442,hase3
EUTE311,EUTE,eute,large,59,0.6783461329808744,EUTE3
isan2a,isan,isan,small,59,0,isan2
anba1b,anba,anba,small,59,0,anba1
EUSC310,EUSC,eusc,large,59,0.40765521281634126,EUSC3
ripi1k,ripi,ripi,small,59,0.15793212963350164,ripi1
jasc2d,jasc,jasc,small,59,0.32756191748278285,jasc2
hase3a,hase,hase,small,59,0.14968302673684716,hase3
isan2c,isan,isan,small,59,0.46705218144590177,isan2
olst1g,olst,olst,small,59,0.03099474289549701,olst1
PELI39,PELI,peli,large,59,0.5413421300126962,PELI3
MEDE28,MEDE,mede,large,59,0.3217525011825775,MEDE2
LEPA31,LEPA,lepa,large,59,0.884089467097711,LEPA3
MEDE18,MEDE,mede,large,59,0.24090991062377382,MEDE1
JASC314,JASC,jasc,large,59,0.2346170073416527,JASC3
isan5d,isan,isan,small,59,0.29090237528290297,isan5
jasc1c,jasc,jasc,small,59,0.05210562009349537,jasc1
acel1g,acel,acel,small,59,0.485689788965923,acel1
baae2j,baae,baae,small,59,0.14487367078211363,baae2
BAAE27,BAAE,baae,large,59,0.15243836420899556,BAAE2
cali2h,cali,cali,small,59,0.846203025475327,cali2
penu3i,penu,penu,small,59,0.495104044612939,penu3
JASC18,JASC,jasc,large,59,0.3630207755406952,JASC1
ACPA312,ACPA,acpa,large,59,0.555200473716199,ACPA3
alli3i,alli,alli,small,59,0.6630768521485992,alli3
cota2g,cota,cota,small,59,0.2741476130361171,cota2
LEPA16,LEPA,lepa,large,59,0.48656009098423597,LEPA1
EUTE115,EUTE,eute,large,59,0.43089539936494753,EUTE1
ripi1d,ripi,ripi,small,59,0,ripi1
ALLI311,ALLI,alli,large,59,0.6809956168730428,ALLI3
baae3c,baae,baae,small,59,0.772642587226904,baae3
